#
# There is insufficient memory for the Java Runtime Environment to continue.
# Native memory allocation (mmap) failed to map 2004877312 bytes. Error detail: G1 virtual space
# Possible reasons:
#   The system is out of physical RAM or swap space
#   This process is running with CompressedOops enabled, and the Java Heap may be blocking the growth of the native heap
# Possible solutions:
#   Reduce memory load on the system
#   Increase physical memory or swap space
#   Check if swap backing store is full
#   Decrease Java heap size (-Xmx/-Xms)
#   Decrease number of Java threads
#   Decrease Java thread stack sizes (-Xss)
#   Set larger code cache with -XX:ReservedCodeCacheSize=
#   JVM is running with Zero Based Compressed Oops mode in which the Java heap is
#     placed in the first 32GB address space. The Java Heap base address is the
#     maximum limit for the native heap growth. Please use -XX:HeapBaseMinAddress
#     to set the Java Heap base and to place the Java Heap above 32GB virtual address.
# This output file may be truncated or incomplete.
#
#  Out of Memory Error (os_windows.cpp:3631), pid=15520, tid=4732
#
# JRE version: Java(TM) SE Runtime Environment (22.0.2+9) (build 22.0.2+9-70)
# Java VM: Java HotSpot(TM) 64-Bit Server VM (22.0.2+9-70, mixed mode, sharing, tiered, compressed oops, compressed class ptrs, g1 gc, windows-amd64)
# No core dump will be written. Minidumps are not enabled by default on client versions of Windows
#

---------------  S U M M A R Y ------------

Command Line: --add-opens=java.base/java.lang=ALL-UNNAMED --add-opens=java.base/java.lang.invoke=ALL-UNNAMED --add-opens=java.base/java.util=ALL-UNNAMED --add-opens=java.prefs/java.util.prefs=ALL-UNNAMED --add-exports=jdk.compiler/com.sun.tools.javac.api=ALL-UNNAMED --add-exports=jdk.compiler/com.sun.tools.javac.util=ALL-UNNAMED --add-opens=java.base/java.util=ALL-UNNAMED --add-opens=java.prefs/java.util.prefs=ALL-UNNAMED --add-opens=java.base/java.nio.charset=ALL-UNNAMED --add-opens=java.base/java.net=ALL-UNNAMED --add-opens=java.base/java.util.concurrent.atomic=ALL-UNNAMED --add-opens=java.xml/javax.xml.namespace=ALL-UNNAMED -XX:MaxMetaspaceSize=4G -XX:ReservedCodeCacheSize=512m -XX:+HeapDumpOnOutOfMemoryError -Xmx8G -Dfile.encoding=UTF-8 -Duser.country=ID -Duser.language=en -Duser.variant -javaagent:C:\Users\USER\.gradle\wrapper\dists\gradle-8.14-all\c2qonpi39x1mddn7hk5gh9iqj\gradle-8.14\lib\agents\gradle-instrumentation-agent-8.14.jar org.gradle.launcher.daemon.bootstrap.GradleDaemon 8.14

Host: Intel(R) Core(TM) i5-8250U CPU @ 1.60GHz, 8 cores, 7G,  Windows 11 , 64 bit Build 26100 (10.0.26100.8328)
Time: Tue May 26 10:18:09 2026 SE Asia Standard Time elapsed time: 524.675823 seconds (0d 0h 8m 44s)

---------------  T H R E A D  ---------------

Current thread (0x000001a4e4afa920):  VMThread "VM Thread"          [id=4732, stack(0x0000001769500000,0x0000001769600000) (1024K)]

Stack: [0x0000001769500000,0x0000001769600000]
Native frames: (J=compiled Java code, j=interpreted, Vv=VM code, C=native code)
V  [jvm.dll+0x6e26e9]  (no source info available)
V  [jvm.dll+0x875753]  (no source info available)
V  [jvm.dll+0x877b7e]  (no source info available)
V  [jvm.dll+0x878253]  (no source info available)
V  [jvm.dll+0x27fc86]  (no source info available)
V  [jvm.dll+0x6ded85]  (no source info available)
V  [jvm.dll+0x6d388a]  (no source info available)
V  [jvm.dll+0x358b8a]  (no source info available)
V  [jvm.dll+0x3610b6]  (no source info available)
V  [jvm.dll+0x3b419e]  (no source info available)
V  [jvm.dll+0x3b4448]  (no source info available)
V  [jvm.dll+0x32c5ec]  (no source info available)
V  [jvm.dll+0x32c677]  (no source info available)
V  [jvm.dll+0x37244c]  (no source info available)
V  [jvm.dll+0x370b46]  (no source info available)
V  [jvm.dll+0x32bcd7]  (no source info available)
V  [jvm.dll+0x370304]  (no source info available)
V  [jvm.dll+0x87e0f0]  (no source info available)
V  [jvm.dll+0x87f477]  (no source info available)
V  [jvm.dll+0x87f9f0]  (no source info available)
V  [jvm.dll+0x87fc93]  (no source info available)
V  [jvm.dll+0x81dc0b]  (no source info available)
V  [jvm.dll+0x6e0d85]  (no source info available)
C  [ucrtbase.dll+0x37b0]  (no source info available)
C  [KERNEL32.DLL+0x2e957]  (no source info available)
C  [ntdll.dll+0x427c]  (no source info available)

VM_Operation (0x000000176adf44e0): G1CollectForAllocation, mode: safepoint, requested by thread 0x000001a4e75abb30


---------------  P R O C E S S  ---------------

Threads class SMR info:
_java_thread_list=0x000001a54315e750, length=143, elements={
0x000001a4b20c19c0, 0x000001a4e4b1b500, 0x000001a4e4b1cc80, 0x000001a4e4b23190,
0x000001a4e4b23bf0, 0x000001a4e4b2d380, 0x000001a4e4b2ec30, 0x000001a4e4b389d0,
0x000001a4e4b49100, 0x000001a4e75da7e0, 0x000001a4e77a7c80, 0x000001a52da55450,
0x000001a4e7678850, 0x000001a4e76eee60, 0x000001a4e75acee0, 0x000001a4e75ac850,
0x000001a4e75adc00, 0x000001a4e75abb30, 0x000001a4e75ac1c0, 0x000001a4e75ae920,
0x000001a4e75ad570, 0x000001a4e75ae290, 0x000001a4e75aefb0, 0x000001a52ef3fb50,
0x000001a52ef401e0, 0x000001a52ef40870, 0x000001a52ef3e7a0, 0x000001a52ef3f4c0,
0x000001a52ef3d3f0, 0x000001a52ef40f00, 0x000001a52ef3e110, 0x000001a52ef42fd0,
0x000001a52ef44a10, 0x000001a52ef42940, 0x000001a52ef422b0, 0x000001a52ef43cf0,
0x000001a52ef44380, 0x000001a52fe4e160, 0x000001a52fe4e7f0, 0x000001a52fe4ee80,
0x000001a52fe4dad0, 0x000001a5336da9a0, 0x000001a5336db030, 0x000001a5336db6c0,
0x000001a5336d8240, 0x000001a5336deb40, 0x000001a5336df1d0, 0x000001a5336dbd50,
0x000001a5336dde20, 0x000001a5336dd100, 0x000001a5336dc3e0, 0x000001a5336dca70,
0x000001a5336de4b0, 0x000001a5336dd790, 0x000001a5334b5560, 0x000001a5334b6910,
0x000001a5334b9070, 0x000001a5334b6fa0, 0x000001a5334b89e0, 0x000001a5334b7630,
0x000001a5334b7cc0, 0x000001a5334b8350, 0x000001a5334b9700, 0x000001a5334b9d90,
0x000001a542170e30, 0x000001a5421707a0, 0x000001a5421742b0, 0x000001a542175660,
0x000001a542174940, 0x000001a542174fd0, 0x000001a52fddfc80, 0x000001a52fde44b0,
0x000001a530a212d0, 0x000001a530a240c0, 0x000001a530a24de0, 0x000001a530a24750,
0x000001a530a21960, 0x000001a530a25470, 0x000001a530a21ff0, 0x000001a530a22d10,
0x000001a530a22680, 0x000001a530a23a30, 0x000001a530a25b00, 0x000001a530a26190,
0x000001a530a26820, 0x000001a530a233a0, 0x000001a530a26eb0, 0x000001a530a27540,
0x000001a530a27bd0, 0x000001a530a28260, 0x000001a530a288f0, 0x000001a541b511c0,
0x000001a541b53fb0, 0x000001a541b53290, 0x000001a541b52c00, 0x000001a541b52570,
0x000001a541b54cd0, 0x000001a541b54640, 0x000001a541b56080, 0x000001a541b56710,
0x000001a541b56da0, 0x000001a541b51ee0, 0x000001a541b58150, 0x000001a541b5a8b0,
0x000001a541b59b90, 0x000001a541b587e0, 0x000001a541b5a220, 0x000001a541b57430,
0x000001a541b5af40, 0x000001a541b59500, 0x000001a541b57ac0, 0x000001a541b5dd30,
0x000001a541b5e3c0, 0x000001a541b5ea50, 0x000001a541b5b5d0, 0x000001a541b5d6a0,
0x000001a541b5f0e0, 0x000001a541b5bc60, 0x000001a541b5c980, 0x000001a541b5d010,
0x000001a541b5c2f0, 0x000001a541b5f770, 0x000001a541409e10, 0x000001a5425ebdb0,
0x000001a52fe4d440, 0x000001a542173c20, 0x000001a5425f7570, 0x000001a541b58e70,
0x000001a541408a60, 0x000001a530242aa0, 0x000001a530fec990, 0x000001a530feb5e0,
0x000001a530fef0f0, 0x000001a530fed020, 0x000001a530fee3d0, 0x000001a530fed6b0,
0x000001a530febc70, 0x000001a530fedd40, 0x000001a530ff1850, 0x000001a530ff11c0,
0x000001a544074c40, 0x000001a5440717c0, 0x000001a532451b40
}

Java Threads: ( => current thread )
  0x000001a4b20c19c0 JavaThread "main"                              [_thread_blocked, id=16048, stack(0x0000001768e00000,0x0000001768f00000) (1024K)]
  0x000001a4e4b1b500 JavaThread "Reference Handler"          daemon [_thread_blocked, id=6376, stack(0x0000001769600000,0x0000001769700000) (1024K)]
  0x000001a4e4b1cc80 JavaThread "Finalizer"                  daemon [_thread_blocked, id=1472, stack(0x0000001769700000,0x0000001769800000) (1024K)]
  0x000001a4e4b23190 JavaThread "Signal Dispatcher"          daemon [_thread_blocked, id=14652, stack(0x0000001769800000,0x0000001769900000) (1024K)]
  0x000001a4e4b23bf0 JavaThread "Attach Listener"            daemon [_thread_blocked, id=3304, stack(0x0000001769900000,0x0000001769a00000) (1024K)]
  0x000001a4e4b2d380 JavaThread "Service Thread"             daemon [_thread_blocked, id=4600, stack(0x0000001769a00000,0x0000001769b00000) (1024K)]
  0x000001a4e4b2ec30 JavaThread "Monitor Deflation Thread"   daemon [_thread_blocked, id=11584, stack(0x0000001769b00000,0x0000001769c00000) (1024K)]
  0x000001a4e4b389d0 JavaThread "C2 CompilerThread0"         daemon [_thread_blocked, id=16020, stack(0x0000001769c00000,0x0000001769d00000) (1024K)]
  0x000001a4e4b49100 JavaThread "C1 CompilerThread0"         daemon [_thread_blocked, id=10956, stack(0x0000001769d00000,0x0000001769e00000) (1024K)]
  0x000001a4e75da7e0 JavaThread "Common-Cleaner"             daemon [_thread_blocked, id=16180, stack(0x0000001769e00000,0x0000001769f00000) (1024K)]
  0x000001a4e77a7c80 JavaThread "Notification Thread"        daemon [_thread_blocked, id=16220, stack(0x000000176a000000,0x000000176a100000) (1024K)]
  0x000001a52da55450 JavaThread "Daemon health stats"               [_thread_blocked, id=16276, stack(0x000000176a400000,0x000000176a500000) (1024K)]
  0x000001a4e7678850 JavaThread "Incoming local TCP Connector on port 64351"        [_thread_in_native, id=9412, stack(0x000000176a500000,0x000000176a600000) (1024K)]
  0x000001a4e76eee60 JavaThread "Daemon periodic checks"            [_thread_blocked, id=15364, stack(0x000000176aa00000,0x000000176ab00000) (1024K)]
  0x000001a4e75acee0 JavaThread "Daemon"                            [_thread_blocked, id=12440, stack(0x000000176a600000,0x000000176a700000) (1024K)]
  0x000001a4e75ac850 JavaThread "Handler for socket connection from /127.0.0.1:64351 to /127.0.0.1:64353"        [_thread_in_native, id=15604, stack(0x000000176ab00000,0x000000176ac00000) (1024K)]
  0x000001a4e75adc00 JavaThread "Cancel handler"                    [_thread_blocked, id=15428, stack(0x000000176ac00000,0x000000176ad00000) (1024K)]
  0x000001a4e75abb30 JavaThread "Daemon worker"                     [_thread_blocked, id=6764, stack(0x000000176ad00000,0x000000176ae00000) (1024K)]
  0x000001a4e75ac1c0 JavaThread "Asynchronous log dispatcher for DefaultDaemonConnection: socket connection from /127.0.0.1:64351 to /127.0.0.1:64353"        [_thread_blocked, id=9320, stack(0x000000176ae00000,0x000000176af00000) (1024K)]
  0x000001a4e75ae920 JavaThread "Stdin handler"                     [_thread_blocked, id=15868, stack(0x000000176af00000,0x000000176b000000) (1024K)]
  0x000001a4e75ad570 JavaThread "Daemon client event forwarder"        [_thread_in_native, id=7784, stack(0x000000176b000000,0x000000176b100000) (1024K)]
  0x000001a4e75ae290 JavaThread "Cache worker for journal cache (C:\Users\USER\.gradle\caches\journal-1)"        [_thread_blocked, id=15176, stack(0x000000176b100000,0x000000176b200000) (1024K)]
  0x000001a4e75aefb0 JavaThread "File lock request listener"        [_thread_in_native, id=11996, stack(0x000000176b200000,0x000000176b300000) (1024K)]
  0x000001a52ef3fb50 JavaThread "Cache worker for file hash cache (C:\Users\USER\.gradle\caches\8.14\fileHashes)"        [_thread_blocked, id=16040, stack(0x000000176b400000,0x000000176b500000) (1024K)]
  0x000001a52ef401e0 JavaThread "Cache worker for file hash cache (C:\TUGAS_KULIAH\Semester_4\Mobile_BooyahHub\booyahhub\android\.gradle\8.14\fileHashes)"        [_thread_blocked, id=16200, stack(0x000000176b600000,0x000000176b700000) (1024K)]
  0x000001a52ef40870 JavaThread "Cache worker for Build Output Cleanup Cache (C:\TUGAS_KULIAH\Semester_4\Mobile_BooyahHub\booyahhub\android\.gradle\buildOutputCleanup)"        [_thread_blocked, id=15420, stack(0x000000176b700000,0x000000176b800000) (1024K)]
  0x000001a52ef3e7a0 JavaThread "File watcher server"        daemon [_thread_blocked, id=15964, stack(0x000000176b900000,0x000000176ba00000) (1024K)]
  0x000001a52ef3f4c0 JavaThread "File watcher consumer"      daemon [_thread_blocked, id=564, stack(0x000000176ba00000,0x000000176bb00000) (1024K)]
  0x000001a52ef3d3f0 JavaThread "jar transforms"                    [_thread_blocked, id=15876, stack(0x000000176bb00000,0x000000176bc00000) (1024K)]
  0x000001a52ef40f00 JavaThread "jar transforms Thread 2"           [_thread_blocked, id=15980, stack(0x000000176bc00000,0x000000176bd00000) (1024K)]
  0x000001a52ef3e110 JavaThread "jar transforms Thread 3"           [_thread_blocked, id=15648, stack(0x000000176bd00000,0x000000176be00000) (1024K)]
  0x000001a52ef42fd0 JavaThread "jar transforms Thread 4"           [_thread_blocked, id=12964, stack(0x000000176b800000,0x000000176b900000) (1024K)]
  0x000001a52ef44a10 JavaThread "jar transforms Thread 5"           [_thread_blocked, id=10472, stack(0x000000176be00000,0x000000176bf00000) (1024K)]
  0x000001a52ef42940 JavaThread "Cache worker for checksums cache (C:\TUGAS_KULIAH\Semester_4\Mobile_BooyahHub\booyahhub\android\.gradle\8.14\checksums)"        [_thread_blocked, id=16344, stack(0x000000176c000000,0x000000176c100000) (1024K)]
  0x000001a52ef422b0 JavaThread "Cache worker for file content cache (C:\Users\USER\.gradle\caches\8.14\fileContent)"        [_thread_blocked, id=15940, stack(0x000000176c100000,0x000000176c200000) (1024K)]
  0x000001a52ef43cf0 JavaThread "jar transforms Thread 6"           [_thread_blocked, id=16212, stack(0x000000176c200000,0x000000176c300000) (1024K)]
  0x000001a52ef44380 JavaThread "jar transforms Thread 7"           [_thread_blocked, id=16260, stack(0x000000176c300000,0x000000176c400000) (1024K)]
  0x000001a52fe4e160 JavaThread "jar transforms Thread 8"           [_thread_blocked, id=6816, stack(0x000000176c400000,0x000000176c500000) (1024K)]
  0x000001a52fe4e7f0 JavaThread "Cache worker for cache directory md-supplier (C:\Users\USER\.gradle\caches\8.14\md-supplier)"        [_thread_blocked, id=16300, stack(0x000000176bf00000,0x000000176c000000) (1024K)]
  0x000001a52fe4ee80 JavaThread "Cache worker for cache directory md-rule (C:\Users\USER\.gradle\caches\8.14\md-rule)"        [_thread_blocked, id=15788, stack(0x000000176c500000,0x000000176c600000) (1024K)]
  0x000001a52fe4dad0 JavaThread "Cache worker for Build Output Cleanup Cache (D:\src\flutter\packages\flutter_tools\gradle\.gradle\buildOutputCleanup)"        [_thread_blocked, id=11608, stack(0x000000176b300000,0x000000176b400000) (1024K)]
  0x000001a5336da9a0 JavaThread "Unconstrained build operations"        [_thread_blocked, id=16284, stack(0x000000176c600000,0x000000176c700000) (1024K)]
  0x000001a5336db030 JavaThread "Unconstrained build operations Thread 2"        [_thread_blocked, id=15448, stack(0x000000176c900000,0x000000176ca00000) (1024K)]
  0x000001a5336db6c0 JavaThread "Unconstrained build operations Thread 3"        [_thread_blocked, id=15544, stack(0x000000176ca00000,0x000000176cb00000) (1024K)]
  0x000001a5336d8240 JavaThread "Unconstrained build operations Thread 4"        [_thread_blocked, id=13956, stack(0x000000176cb00000,0x000000176cc00000) (1024K)]
  0x000001a5336deb40 JavaThread "Unconstrained build operations Thread 5"        [_thread_blocked, id=13960, stack(0x000000176cc00000,0x000000176cd00000) (1024K)]
  0x000001a5336df1d0 JavaThread "Unconstrained build operations Thread 6"        [_thread_blocked, id=13136, stack(0x000000176cd00000,0x000000176ce00000) (1024K)]
  0x000001a5336dbd50 JavaThread "Unconstrained build operations Thread 7"        [_thread_blocked, id=7708, stack(0x000000176ce00000,0x000000176cf00000) (1024K)]
  0x000001a5336dde20 JavaThread "Unconstrained build operations Thread 8"        [_thread_blocked, id=9356, stack(0x000000176cf00000,0x000000176d000000) (1024K)]
  0x000001a5336dd100 JavaThread "Unconstrained build operations Thread 9"        [_thread_blocked, id=9196, stack(0x000000176d000000,0x000000176d100000) (1024K)]
  0x000001a5336dc3e0 JavaThread "Unconstrained build operations Thread 10"        [_thread_blocked, id=15344, stack(0x000000176d100000,0x000000176d200000) (1024K)]
  0x000001a5336dca70 JavaThread "Unconstrained build operations Thread 11"        [_thread_blocked, id=5032, stack(0x000000176d200000,0x000000176d300000) (1024K)]
  0x000001a5336de4b0 JavaThread "Unconstrained build operations Thread 12"        [_thread_blocked, id=4648, stack(0x000000176d300000,0x000000176d400000) (1024K)]
  0x000001a5336dd790 JavaThread "Unconstrained build operations Thread 13"        [_thread_blocked, id=6964, stack(0x000000176d400000,0x000000176d500000) (1024K)]
  0x000001a5334b5560 JavaThread "Unconstrained build operations Thread 14"        [_thread_blocked, id=5972, stack(0x000000176d500000,0x000000176d600000) (1024K)]
  0x000001a5334b6910 JavaThread "Unconstrained build operations Thread 15"        [_thread_blocked, id=1092, stack(0x000000176d700000,0x000000176d800000) (1024K)]
  0x000001a5334b9070 JavaThread "Unconstrained build operations Thread 16"        [_thread_blocked, id=13108, stack(0x000000176d800000,0x000000176d900000) (1024K)]
  0x000001a5334b6fa0 JavaThread "Unconstrained build operations Thread 17"        [_thread_blocked, id=3060, stack(0x000000176d900000,0x000000176da00000) (1024K)]
  0x000001a5334b89e0 JavaThread "Unconstrained build operations Thread 18"        [_thread_blocked, id=12612, stack(0x000000176da00000,0x000000176db00000) (1024K)]
  0x000001a5334b7630 JavaThread "Unconstrained build operations Thread 19"        [_thread_blocked, id=13912, stack(0x000000176db00000,0x000000176dc00000) (1024K)]
  0x000001a5334b7cc0 JavaThread "Unconstrained build operations Thread 20"        [_thread_blocked, id=1016, stack(0x000000176dc00000,0x000000176dd00000) (1024K)]
  0x000001a5334b8350 JavaThread "Unconstrained build operations Thread 21"        [_thread_blocked, id=14252, stack(0x000000176dd00000,0x000000176de00000) (1024K)]
  0x000001a5334b9700 JavaThread "Memory manager"                    [_thread_blocked, id=15452, stack(0x0000001768c00000,0x0000001768d00000) (1024K)]
  0x000001a5334b9d90 JavaThread "build event listener"              [_thread_blocked, id=1924, stack(0x000000176d600000,0x000000176d700000) (1024K)]
  0x000001a542170e30 JavaThread "Kotlin DSL Writer"                 [_thread_blocked, id=12560, stack(0x000000176de00000,0x000000176df00000) (1024K)]
  0x000001a5421707a0 JavaThread "Execution worker"                  [_thread_blocked, id=17396, stack(0x000000176e200000,0x000000176e300000) (1024K)]
  0x000001a5421742b0 JavaThread "Execution worker Thread 2"         [_thread_blocked, id=17400, stack(0x000000176e300000,0x000000176e400000) (1024K)]
  0x000001a542175660 JavaThread "Execution worker Thread 3"         [_thread_blocked, id=17404, stack(0x000000176e400000,0x000000176e500000) (1024K)]
  0x000001a542174940 JavaThread "Execution worker Thread 4"         [_thread_blocked, id=9016, stack(0x000000176e500000,0x000000176e600000) (1024K)]
  0x000001a542174fd0 JavaThread "Execution worker Thread 5"         [_thread_blocked, id=9192, stack(0x000000176e600000,0x000000176e700000) (1024K)]
  0x000001a52fddfc80 JavaThread "Execution worker Thread 6"         [_thread_blocked, id=7672, stack(0x000000176e700000,0x000000176e800000) (1024K)]
  0x000001a52fde44b0 JavaThread "Execution worker Thread 7"         [_thread_blocked, id=8912, stack(0x000000176e800000,0x000000176e900000) (1024K)]
  0x000001a530a212d0 JavaThread "Cache worker for execution history cache (D:\src\flutter\packages\flutter_tools\gradle\.gradle\8.14\executionHistory)"        [_thread_blocked, id=15504, stack(0x000000176e000000,0x000000176e100000) (1024K)]
  0x000001a530a240c0 JavaThread "Unconstrained build operations Thread 22"        [_thread_blocked, id=16728, stack(0x000000176ea00000,0x000000176eb00000) (1024K)]
  0x000001a530a24de0 JavaThread "Unconstrained build operations Thread 23"        [_thread_blocked, id=16724, stack(0x000000176eb00000,0x000000176ec00000) (1024K)]
  0x000001a530a24750 JavaThread "Unconstrained build operations Thread 24"        [_thread_blocked, id=16720, stack(0x000000176ec00000,0x000000176ed00000) (1024K)]
  0x000001a530a21960 JavaThread "Unconstrained build operations Thread 25"        [_thread_blocked, id=4016, stack(0x000000176ed00000,0x000000176ee00000) (1024K)]
  0x000001a530a25470 JavaThread "Unconstrained build operations Thread 26"        [_thread_blocked, id=15388, stack(0x000000176ee00000,0x000000176ef00000) (1024K)]
  0x000001a530a21ff0 JavaThread "Unconstrained build operations Thread 27"        [_thread_blocked, id=9004, stack(0x000000176ef00000,0x000000176f000000) (1024K)]
  0x000001a530a22d10 JavaThread "Unconstrained build operations Thread 28"        [_thread_blocked, id=9784, stack(0x000000176f000000,0x000000176f100000) (1024K)]
  0x000001a530a22680 JavaThread "Unconstrained build operations Thread 29"        [_thread_blocked, id=16772, stack(0x000000176f100000,0x000000176f200000) (1024K)]
  0x000001a530a23a30 JavaThread "Unconstrained build operations Thread 30"        [_thread_blocked, id=16776, stack(0x000000176f200000,0x000000176f300000) (1024K)]
  0x000001a530a25b00 JavaThread "Unconstrained build operations Thread 31"        [_thread_blocked, id=16780, stack(0x000000176f300000,0x000000176f400000) (1024K)]
  0x000001a530a26190 JavaThread "Unconstrained build operations Thread 32"        [_thread_blocked, id=16784, stack(0x000000176f400000,0x000000176f500000) (1024K)]
  0x000001a530a26820 JavaThread "Unconstrained build operations Thread 33"        [_thread_blocked, id=16788, stack(0x000000176f500000,0x000000176f600000) (1024K)]
  0x000001a530a233a0 JavaThread "Unconstrained build operations Thread 34"        [_thread_blocked, id=16792, stack(0x000000176f600000,0x000000176f700000) (1024K)]
  0x000001a530a26eb0 JavaThread "Unconstrained build operations Thread 35"        [_thread_blocked, id=16796, stack(0x000000176f700000,0x000000176f800000) (1024K)]
  0x000001a530a27540 JavaThread "Unconstrained build operations Thread 36"        [_thread_blocked, id=16752, stack(0x000000176f800000,0x000000176f900000) (1024K)]
  0x000001a530a27bd0 JavaThread "Unconstrained build operations Thread 37"        [_thread_blocked, id=16736, stack(0x000000176f900000,0x000000176fa00000) (1024K)]
  0x000001a530a28260 JavaThread "Unconstrained build operations Thread 38"        [_thread_blocked, id=16740, stack(0x000000176fa00000,0x000000176fb00000) (1024K)]
  0x000001a530a288f0 JavaThread "Unconstrained build operations Thread 39"        [_thread_blocked, id=16656, stack(0x000000176fb00000,0x000000176fc00000) (1024K)]
  0x000001a541b511c0 JavaThread "Unconstrained build operations Thread 40"        [_thread_blocked, id=16716, stack(0x000000176fc00000,0x000000176fd00000) (1024K)]
  0x000001a541b53fb0 JavaThread "Unconstrained build operations Thread 41"        [_thread_blocked, id=16100, stack(0x000000176fd00000,0x000000176fe00000) (1024K)]
  0x000001a541b53290 JavaThread "Unconstrained build operations Thread 42"        [_thread_blocked, id=15580, stack(0x000000176fe00000,0x000000176ff00000) (1024K)]
  0x000001a541b52c00 JavaThread "Unconstrained build operations Thread 43"        [_thread_blocked, id=2324, stack(0x000000176ff00000,0x0000001770000000) (1024K)]
  0x000001a541b52570 JavaThread "Unconstrained build operations Thread 44"        [_thread_blocked, id=11960, stack(0x0000001770000000,0x0000001770100000) (1024K)]
  0x000001a541b54cd0 JavaThread "WorkerExecutor Queue"              [_thread_blocked, id=16588, stack(0x0000001768b00000,0x0000001768c00000) (1024K)]
  0x000001a541b54640 JavaThread "RMI Scheduler(0)"           daemon [_thread_blocked, id=16564, stack(0x000000176e900000,0x000000176ea00000) (1024K)]
  0x000001a541b56080 JavaThread "RMI GC Daemon"              daemon [_thread_blocked, id=3480, stack(0x0000001770200000,0x0000001770300000) (1024K)]
  0x000001a541b56710 JavaThread "RMI TCP Accept-0"           daemon [_thread_in_native, id=15760, stack(0x0000001770400000,0x0000001770500000) (1024K)]
  0x000001a541b56da0 JavaThread "RMI Reaper"                        [_thread_blocked, id=7188, stack(0x0000001770500000,0x0000001770600000) (1024K)]
  0x000001a541b51ee0 JavaThread "Unconstrained build operations Thread 45"        [_thread_blocked, id=8488, stack(0x0000001770100000,0x0000001770200000) (1024K)]
  0x000001a541b58150 JavaThread "Unconstrained build operations Thread 46"        [_thread_blocked, id=18268, stack(0x0000001770300000,0x0000001770400000) (1024K)]
  0x000001a541b5a8b0 JavaThread "Unconstrained build operations Thread 47"        [_thread_blocked, id=3776, stack(0x0000001770700000,0x0000001770800000) (1024K)]
  0x000001a541b59b90 JavaThread "Unconstrained build operations Thread 48"        [_thread_blocked, id=14580, stack(0x0000001770800000,0x0000001770900000) (1024K)]
  0x000001a541b587e0 JavaThread "Unconstrained build operations Thread 49"        [_thread_blocked, id=9168, stack(0x0000001770900000,0x0000001770a00000) (1024K)]
  0x000001a541b5a220 JavaThread "Unconstrained build operations Thread 50"        [_thread_blocked, id=11980, stack(0x0000001770a00000,0x0000001770b00000) (1024K)]
  0x000001a541b57430 JavaThread "Unconstrained build operations Thread 51"        [_thread_blocked, id=3004, stack(0x0000001770b00000,0x0000001770c00000) (1024K)]
  0x000001a541b5af40 JavaThread "Unconstrained build operations Thread 52"        [_thread_blocked, id=9796, stack(0x0000001770d00000,0x0000001770e00000) (1024K)]
  0x000001a541b59500 JavaThread "Unconstrained build operations Thread 53"        [_thread_blocked, id=15116, stack(0x0000001770e00000,0x0000001770f00000) (1024K)]
  0x000001a541b57ac0 JavaThread "Unconstrained build operations Thread 54"        [_thread_blocked, id=18336, stack(0x0000001770f00000,0x0000001771000000) (1024K)]
  0x000001a541b5dd30 JavaThread "Unconstrained build operations Thread 55"        [_thread_blocked, id=18372, stack(0x0000001771000000,0x0000001771100000) (1024K)]
  0x000001a541b5e3c0 JavaThread "Unconstrained build operations Thread 56"        [_thread_blocked, id=18272, stack(0x0000001771100000,0x0000001771200000) (1024K)]
  0x000001a541b5ea50 JavaThread "Unconstrained build operations Thread 57"        [_thread_blocked, id=15860, stack(0x0000001771200000,0x0000001771300000) (1024K)]
  0x000001a541b5b5d0 JavaThread "Unconstrained build operations Thread 58"        [_thread_blocked, id=12028, stack(0x0000001771300000,0x0000001771400000) (1024K)]
  0x000001a541b5d6a0 JavaThread "Unconstrained build operations Thread 59"        [_thread_blocked, id=18304, stack(0x0000001771400000,0x0000001771500000) (1024K)]
  0x000001a541b5f0e0 JavaThread "Unconstrained build operations Thread 60"        [_thread_blocked, id=9092, stack(0x0000001771500000,0x0000001771600000) (1024K)]
  0x000001a541b5bc60 JavaThread "Unconstrained build operations Thread 61"        [_thread_blocked, id=11916, stack(0x0000001771600000,0x0000001771700000) (1024K)]
  0x000001a541b5c980 JavaThread "Unconstrained build operations Thread 62"        [_thread_blocked, id=15460, stack(0x0000001771700000,0x0000001771800000) (1024K)]
  0x000001a541b5d010 JavaThread "Unconstrained build operations Thread 63"        [_thread_blocked, id=12052, stack(0x0000001771800000,0x0000001771900000) (1024K)]
  0x000001a541b5c2f0 JavaThread "Unconstrained build operations Thread 64"        [_thread_blocked, id=1676, stack(0x0000001771900000,0x0000001771a00000) (1024K)]
  0x000001a541b5f770 JavaThread "Unconstrained build operations Thread 65"        [_thread_blocked, id=16132, stack(0x0000001771a00000,0x0000001771b00000) (1024K)]
  0x000001a541409e10 JavaThread "Kotlin DSL Writer"                 [_thread_blocked, id=17812, stack(0x0000001770c00000,0x0000001770d00000) (1024K)]
  0x000001a5425ebdb0 JavaThread "build event listener"              [_thread_blocked, id=19424, stack(0x0000001768d00000,0x0000001768e00000) (1024K)]
  0x000001a52fe4d440 JavaThread "Unconstrained build operations Thread 66"        [_thread_blocked, id=17356, stack(0x0000001770600000,0x0000001770700000) (1024K)]
  0x000001a542173c20 JavaThread "Unconstrained build operations Thread 67"        [_thread_blocked, id=16880, stack(0x0000001771b00000,0x0000001771c00000) (1024K)]
  0x000001a5425f7570 JavaThread "Unconstrained build operations Thread 68"        [_thread_blocked, id=17744, stack(0x0000001771c00000,0x0000001771d00000) (1024K)]
  0x000001a541b58e70 JavaThread "Unconstrained build operations Thread 69"        [_thread_blocked, id=9448, stack(0x0000001771d00000,0x0000001771e00000) (1024K)]
  0x000001a541408a60 JavaThread "Unconstrained build operations Thread 70"        [_thread_blocked, id=17016, stack(0x0000001771e00000,0x0000001771f00000) (1024K)]
  0x000001a530242aa0 JavaThread "Unconstrained build operations Thread 71"        [_thread_blocked, id=18368, stack(0x0000001771f00000,0x0000001772000000) (1024K)]
  0x000001a530fec990 JavaThread "Unconstrained build operations Thread 72"        [_thread_blocked, id=19092, stack(0x0000001772000000,0x0000001772100000) (1024K)]
  0x000001a530feb5e0 JavaThread "Unconstrained build operations Thread 73"        [_thread_blocked, id=1996, stack(0x0000001772100000,0x0000001772200000) (1024K)]
  0x000001a530fef0f0 JavaThread "Unconstrained build operations Thread 74"        [_thread_blocked, id=19340, stack(0x0000001772200000,0x0000001772300000) (1024K)]
  0x000001a530fed020 JavaThread "Unconstrained build operations Thread 75"        [_thread_blocked, id=15804, stack(0x0000001772300000,0x0000001772400000) (1024K)]
  0x000001a530fee3d0 JavaThread "Unconstrained build operations Thread 76"        [_thread_blocked, id=19240, stack(0x0000001772400000,0x0000001772500000) (1024K)]
  0x000001a530fed6b0 JavaThread "Unconstrained build operations Thread 77"        [_thread_blocked, id=4336, stack(0x0000001772500000,0x0000001772600000) (1024K)]
  0x000001a530febc70 JavaThread "Unconstrained build operations Thread 78"        [_thread_blocked, id=5320, stack(0x0000001772600000,0x0000001772700000) (1024K)]
  0x000001a530fedd40 JavaThread "Problems report writer"            [_thread_blocked, id=12168, stack(0x0000001772700000,0x0000001772800000) (1024K)]
  0x000001a530ff1850 JavaThread "Unconstrained build operations Thread 79"        [_thread_blocked, id=19132, stack(0x000000176df00000,0x000000176e000000) (1024K)]
  0x000001a530ff11c0 JavaThread "Unconstrained build operations Thread 80"        [_thread_blocked, id=16820, stack(0x0000001772800000,0x0000001772900000) (1024K)]
  0x000001a544074c40 JavaThread "RMI TCP Connection(3)-127.0.0.1" daemon [_thread_in_native, id=7796, stack(0x000000176c700000,0x000000176c800000) (1024K)]
  0x000001a5440717c0 JavaThread "File lock release action executor Thread 3"        [_thread_blocked, id=16896, stack(0x0000001772900000,0x0000001772a00000) (1024K)]
  0x000001a532451b40 JavaThread "C2 CompilerThread1"         daemon [_thread_blocked, id=18144, stack(0x000000176c800000,0x000000176c900000) (1024K)]
Total: 143

Other Threads:
=>0x000001a4e4afa920 VMThread "VM Thread"                           [id=4732, stack(0x0000001769500000,0x0000001769600000) (1024K)]
  0x000001a4e4ae0ff0 WatcherThread "VM Periodic Task Thread"        [id=8148, stack(0x0000001769400000,0x0000001769500000) (1024K)]
  0x000001a4b216b160 WorkerThread "GC Thread#0"                     [id=5472, stack(0x0000001768f00000,0x0000001769000000) (1024K)]
  0x000001a52d0ef3f0 WorkerThread "GC Thread#1"                     [id=13628, stack(0x000000176a100000,0x000000176a200000) (1024K)]
  0x000001a52d0ef7a0 WorkerThread "GC Thread#2"                     [id=15952, stack(0x000000176a200000,0x000000176a300000) (1024K)]
  0x000001a52d17baf0 WorkerThread "GC Thread#3"                     [id=11600, stack(0x000000176a300000,0x000000176a400000) (1024K)]
  0x000001a52d9448e0 WorkerThread "GC Thread#4"                     [id=14176, stack(0x0000001769f00000,0x000000176a000000) (1024K)]
  0x000001a52dc47e90 WorkerThread "GC Thread#5"                     [id=3416, stack(0x000000176a700000,0x000000176a800000) (1024K)]
  0x000001a52e588a00 WorkerThread "GC Thread#6"                     [id=14736, stack(0x000000176a800000,0x000000176a900000) (1024K)]
  0x000001a52e589a30 WorkerThread "GC Thread#7"                     [id=9416, stack(0x000000176a900000,0x000000176aa00000) (1024K)]
  0x000001a4b217d790 ConcurrentGCThread "G1 Main Marker"            [id=7728, stack(0x0000001769000000,0x0000001769100000) (1024K)]
  0x000001a4b217e950 WorkerThread "G1 Conc#0"                       [id=2036, stack(0x0000001769100000,0x0000001769200000) (1024K)]
  0x000001a52f8db5a0 WorkerThread "G1 Conc#1"                       [id=15948, stack(0x000000176b500000,0x000000176b600000) (1024K)]
  0x000001a4e49b6040 ConcurrentGCThread "G1 Refine#0"               [id=1252, stack(0x0000001769200000,0x0000001769300000) (1024K)]
  0x000001a4e49b86a0 ConcurrentGCThread "G1 Service"                [id=16072, stack(0x0000001769300000,0x0000001769400000) (1024K)]
Total: 15

Threads with active compile tasks:
C2 CompilerThread0  535954 28910       4       org.gradle.api.internal.DefaultNamedDomainObjectCollection::findByName (61 bytes)
C1 CompilerThread0  535954 28932       3       org.jetbrains.kotlin.com.intellij.openapi.extensions.impl.ExtensionsAreaImpl::doRegisterExtensionPoint (130 bytes)
C2 CompilerThread1  535954 28941       4       java.util.regex.Pattern::sequence (647 bytes)
Total: 3

VM state: at safepoint (normal execution)

VM Mutex/Monitor currently owned by a thread:  ([mutex/lock_event])
[0x00007ff834c5cb80] Threads_lock - owner thread: 0x000001a4e4afa920
[0x00007ff834c5cc80] Heap_lock - owner thread: 0x000001a4e75abb30

Heap address: 0x0000000600000000, size: 8192 MB, Compressed Oops mode: Zero based, Oop shift amount: 3

CDS archive(s) mapped at: [0x000001a4e8000000-0x000001a4e8c60000-0x000001a4e8c60000), size 12976128, SharedBaseAddress: 0x000001a4e8000000, ArchiveRelocationMode: 1.
Compressed class space mapped at: 0x000001a4e9000000-0x000001a529000000, reserved size: 1073741824
Narrow klass base: 0x000001a4e8000000, Narrow klass shift: 0, Narrow klass range: 0x41000000

GC Precious Log:
 CardTable entry size: 512
 Card Set container configuration: InlinePtr #cards 4 size 8 Array Of Cards #cards 32 size 80 Howl #buckets 8 coarsen threshold 7372 Howl Bitmap #cards 1024 size 144 coarsen threshold 921 Card regions per heap region 1 cards per card region 8192
 CPUs: 8 total, 8 available
 Memory: 8074M
 Large Page Support: Disabled
 NUMA Support: Disabled
 Compressed Oops: Enabled (Zero based)
 Heap Region Size: 4M
 Heap Min Capacity: 8M
 Heap Initial Capacity: 128M
 Heap Max Capacity: 8G
 Pre-touch: Disabled
 Parallel Workers: 8
 Concurrent Workers: 2
 Concurrent Refinement Workers: 8
 Periodic GC: Disabled

Heap:
 garbage-first heap   total reserved 8388608K, committed 2088960K, used 302311K [0x0000000600000000, 0x0000000800000000)
  region size 4096K, 4 young (16384K), 4 survivors (16384K)
 Metaspace       used 187160K, committed 190400K, reserved 1245184K
  class space    used 24558K, committed 26112K, reserved 1048576K

Heap Regions: E=young(eden), S=young(survivor), O=old, HS=humongous(starts), HC=humongous(continues), CS=collection set, F=free, TAMS=top-at-mark-start, PB=parsable bottom
|   0|0x0000000600000000, 0x0000000600400000, 0x0000000600400000|100%|HS|  |TAMS 0x0000000600000000| PB 0x0000000600000000| Complete |  0
|   1|0x0000000600400000, 0x0000000600800000, 0x0000000600800000|100%| O|  |TAMS 0x0000000600400000| PB 0x0000000600400000| Untracked |  0
|   2|0x0000000600800000, 0x0000000600c00000, 0x0000000600c00000|100%| O|  |TAMS 0x0000000600800000| PB 0x0000000600800000| Untracked |  0
|   3|0x0000000600c00000, 0x0000000601000000, 0x0000000601000000|100%| O|  |TAMS 0x0000000600c00000| PB 0x0000000600c00000| Untracked |  0
|   4|0x0000000601000000, 0x0000000601400000, 0x0000000601400000|100%| O|  |TAMS 0x0000000601000000| PB 0x0000000601000000| Untracked |  0
|   5|0x0000000601400000, 0x0000000601800000, 0x0000000601800000|100%| O|  |TAMS 0x0000000601400000| PB 0x0000000601400000| Untracked |  0
|   6|0x0000000601800000, 0x0000000601c00000, 0x0000000601c00000|100%| O|  |TAMS 0x0000000601800000| PB 0x0000000601800000| Untracked |  0
|   7|0x0000000601c00000, 0x0000000602000000, 0x0000000602000000|100%| O|  |TAMS 0x0000000601c00000| PB 0x0000000601c00000| Untracked |  0
|   8|0x0000000602000000, 0x0000000602400000, 0x0000000602400000|100%| O|  |TAMS 0x0000000602000000| PB 0x0000000602000000| Untracked |  0
|   9|0x0000000602400000, 0x0000000602800000, 0x0000000602800000|100%| O|  |TAMS 0x0000000602400000| PB 0x0000000602400000| Untracked |  0
|  10|0x0000000602800000, 0x0000000602c00000, 0x0000000602c00000|100%| O|  |TAMS 0x0000000602800000| PB 0x0000000602800000| Untracked |  0
|  11|0x0000000602c00000, 0x0000000603000000, 0x0000000603000000|100%| O|  |TAMS 0x0000000602c00000| PB 0x0000000602c00000| Untracked |  0
|  12|0x0000000603000000, 0x0000000603400000, 0x0000000603400000|100%| O|  |TAMS 0x0000000603000000| PB 0x0000000603000000| Untracked |  0
|  13|0x0000000603400000, 0x0000000603800000, 0x0000000603800000|100%| O|  |TAMS 0x0000000603400000| PB 0x0000000603400000| Untracked |  0
|  14|0x0000000603800000, 0x0000000603c00000, 0x0000000603c00000|100%| O|  |TAMS 0x0000000603800000| PB 0x0000000603800000| Untracked |  0
|  15|0x0000000603c00000, 0x0000000604000000, 0x0000000604000000|100%| O|  |TAMS 0x0000000603c00000| PB 0x0000000603c00000| Untracked |  0
|  16|0x0000000604000000, 0x0000000604400000, 0x0000000604400000|100%| O|  |TAMS 0x0000000604000000| PB 0x0000000604000000| Untracked |  0
|  17|0x0000000604400000, 0x0000000604800000, 0x0000000604800000|100%| O|  |TAMS 0x0000000604400000| PB 0x0000000604400000| Untracked |  0
|  18|0x0000000604800000, 0x0000000604c00000, 0x0000000604c00000|100%| O|  |TAMS 0x0000000604800000| PB 0x0000000604800000| Untracked |  0
|  19|0x0000000604c00000, 0x0000000605000000, 0x0000000605000000|100%| O|  |TAMS 0x0000000604c00000| PB 0x0000000604c00000| Untracked |  0
|  20|0x0000000605000000, 0x0000000605400000, 0x0000000605400000|100%| O|  |TAMS 0x0000000605000000| PB 0x0000000605000000| Untracked |  0
|  21|0x0000000605400000, 0x0000000605800000, 0x0000000605800000|100%| O|  |TAMS 0x0000000605400000| PB 0x0000000605400000| Untracked |  0
|  22|0x0000000605800000, 0x0000000605c00000, 0x0000000605c00000|100%| O|  |TAMS 0x0000000605800000| PB 0x0000000605800000| Untracked |  0
|  23|0x0000000605c00000, 0x0000000606000000, 0x0000000606000000|100%|HS|  |TAMS 0x0000000605c00000| PB 0x0000000605c00000| Complete |  0
|  24|0x0000000606000000, 0x0000000606400000, 0x0000000606400000|100%| O|  |TAMS 0x0000000606000000| PB 0x0000000606000000| Untracked |  0
|  25|0x0000000606400000, 0x0000000606800000, 0x0000000606800000|100%|HS|  |TAMS 0x0000000606400000| PB 0x0000000606400000| Complete |  0
|  26|0x0000000606800000, 0x0000000606c00000, 0x0000000606c00000|100%| O|  |TAMS 0x0000000606800000| PB 0x0000000606800000| Untracked |  0
|  27|0x0000000606c00000, 0x0000000607000000, 0x0000000607000000|100%| O|  |TAMS 0x0000000606c00000| PB 0x0000000606c00000| Untracked |  0
|  28|0x0000000607000000, 0x0000000607400000, 0x0000000607400000|100%| O|  |TAMS 0x0000000607000000| PB 0x0000000607000000| Untracked |  0
|  29|0x0000000607400000, 0x0000000607800000, 0x0000000607800000|100%| O|  |TAMS 0x0000000607400000| PB 0x0000000607400000| Untracked |  0
|  30|0x0000000607800000, 0x0000000607c00000, 0x0000000607c00000|100%| O|  |TAMS 0x0000000607800000| PB 0x0000000607800000| Untracked |  0
|  31|0x0000000607c00000, 0x0000000608000000, 0x0000000608000000|100%| O|  |TAMS 0x0000000607c00000| PB 0x0000000607c00000| Untracked |  0
|  32|0x0000000608000000, 0x0000000608400000, 0x0000000608400000|100%| O|  |TAMS 0x0000000608000000| PB 0x0000000608000000| Untracked |  0
|  33|0x0000000608400000, 0x0000000608800000, 0x0000000608800000|100%| O|  |TAMS 0x0000000608400000| PB 0x0000000608400000| Untracked |  0
|  34|0x0000000608800000, 0x0000000608c00000, 0x0000000608c00000|100%| O|  |TAMS 0x0000000608800000| PB 0x0000000608800000| Untracked |  0
|  35|0x0000000608c00000, 0x0000000609000000, 0x0000000609000000|100%| O|  |TAMS 0x0000000608c00000| PB 0x0000000608c00000| Untracked |  0
|  36|0x0000000609000000, 0x0000000609400000, 0x0000000609400000|100%| O|  |TAMS 0x0000000609000000| PB 0x0000000609000000| Untracked |  0
|  37|0x0000000609400000, 0x0000000609800000, 0x0000000609800000|100%| O|  |TAMS 0x0000000609400000| PB 0x0000000609400000| Untracked |  0
|  38|0x0000000609800000, 0x0000000609c00000, 0x0000000609c00000|100%| O|  |TAMS 0x0000000609800000| PB 0x0000000609800000| Untracked |  0
|  39|0x0000000609c00000, 0x000000060a000000, 0x000000060a000000|100%| O|  |TAMS 0x0000000609c00000| PB 0x0000000609c00000| Untracked |  0
|  40|0x000000060a000000, 0x000000060a400000, 0x000000060a400000|100%| O|  |TAMS 0x000000060a000000| PB 0x000000060a000000| Untracked |  0
|  41|0x000000060a400000, 0x000000060a800000, 0x000000060a800000|100%| O|  |TAMS 0x000000060a400000| PB 0x000000060a400000| Untracked |  0
|  42|0x000000060a800000, 0x000000060ac00000, 0x000000060ac00000|100%| O|  |TAMS 0x000000060a800000| PB 0x000000060a800000| Untracked |  0
|  43|0x000000060ac00000, 0x000000060b000000, 0x000000060b000000|100%| O|  |TAMS 0x000000060ac00000| PB 0x000000060ac00000| Untracked |  0
|  44|0x000000060b000000, 0x000000060b400000, 0x000000060b400000|100%| O|  |TAMS 0x000000060b000000| PB 0x000000060b000000| Untracked |  0
|  45|0x000000060b400000, 0x000000060b800000, 0x000000060b800000|100%| O|  |TAMS 0x000000060b400000| PB 0x000000060b400000| Untracked |  0
|  46|0x000000060b800000, 0x000000060bc00000, 0x000000060bc00000|100%| O|  |TAMS 0x000000060b800000| PB 0x000000060b800000| Untracked |  0
|  47|0x000000060bc00000, 0x000000060c000000, 0x000000060c000000|100%| O|  |TAMS 0x000000060bc00000| PB 0x000000060bc00000| Untracked |  0
|  48|0x000000060c000000, 0x000000060c400000, 0x000000060c400000|100%| O|  |TAMS 0x000000060c000000| PB 0x000000060c000000| Untracked |  0
|  49|0x000000060c400000, 0x000000060c800000, 0x000000060c800000|100%| O|  |TAMS 0x000000060c400000| PB 0x000000060c400000| Untracked |  0
|  50|0x000000060c800000, 0x000000060cc00000, 0x000000060cc00000|100%| O|  |TAMS 0x000000060c800000| PB 0x000000060c800000| Untracked |  0
|  51|0x000000060cc00000, 0x000000060d000000, 0x000000060d000000|100%| O|  |TAMS 0x000000060cc00000| PB 0x000000060cc00000| Untracked |  0
|  52|0x000000060d000000, 0x000000060d400000, 0x000000060d400000|100%| O|  |TAMS 0x000000060d000000| PB 0x000000060d000000| Untracked |  0
|  53|0x000000060d400000, 0x000000060d800000, 0x000000060d800000|100%| O|  |TAMS 0x000000060d400000| PB 0x000000060d400000| Untracked |  0
|  54|0x000000060d800000, 0x000000060dc00000, 0x000000060dc00000|100%| O|  |TAMS 0x000000060d800000| PB 0x000000060d800000| Untracked |  0
|  55|0x000000060dc00000, 0x000000060e000000, 0x000000060e000000|100%| O|  |TAMS 0x000000060dc00000| PB 0x000000060dc00000| Untracked |  0
|  56|0x000000060e000000, 0x000000060e400000, 0x000000060e400000|100%| O|  |TAMS 0x000000060e000000| PB 0x000000060e000000| Untracked |  0
|  57|0x000000060e400000, 0x000000060e800000, 0x000000060e800000|100%| O|  |TAMS 0x000000060e400000| PB 0x000000060e400000| Untracked |  0
|  58|0x000000060e800000, 0x000000060ec00000, 0x000000060ec00000|100%| O|  |TAMS 0x000000060e800000| PB 0x000000060e800000| Untracked |  0
|  59|0x000000060ec00000, 0x000000060f000000, 0x000000060f000000|100%| O|  |TAMS 0x000000060ec00000| PB 0x000000060ec00000| Untracked |  0
|  60|0x000000060f000000, 0x000000060f400000, 0x000000060f400000|100%| O|  |TAMS 0x000000060f000000| PB 0x000000060f000000| Untracked |  0
|  61|0x000000060f400000, 0x000000060f800000, 0x000000060f800000|100%| O|  |TAMS 0x000000060f400000| PB 0x000000060f400000| Untracked |  0
|  62|0x000000060f800000, 0x000000060fc00000, 0x000000060fc00000|100%| O|  |TAMS 0x000000060f800000| PB 0x000000060f800000| Untracked |  0
|  63|0x000000060fc00000, 0x0000000610000000, 0x0000000610000000|100%|HS|  |TAMS 0x000000060fc00000| PB 0x000000060fc00000| Complete |  0
|  64|0x0000000610000000, 0x0000000610400000, 0x0000000610400000|100%|HC|  |TAMS 0x0000000610000000| PB 0x0000000610000000| Complete |  0
|  65|0x0000000610400000, 0x0000000610800000, 0x0000000610800000|100%| O|  |TAMS 0x0000000610400000| PB 0x0000000610400000| Untracked |  0
|  66|0x0000000610800000, 0x0000000610c00000, 0x0000000610c00000|100%| O|  |TAMS 0x0000000610800000| PB 0x0000000610800000| Untracked |  0
|  67|0x0000000610c00000, 0x0000000611000000, 0x0000000611000000|100%| O|  |TAMS 0x0000000610c00000| PB 0x0000000610c00000| Untracked |  0
|  68|0x0000000611000000, 0x0000000611339cf0, 0x0000000611400000| 80%| O|  |TAMS 0x0000000611000000| PB 0x0000000611000000| Untracked |  0
|  69|0x0000000611400000, 0x0000000611400000, 0x0000000611800000|  0%| F|  |TAMS 0x0000000611400000| PB 0x0000000611400000| Untracked |  0
|  70|0x0000000611800000, 0x0000000611800000, 0x0000000611c00000|  0%| F|  |TAMS 0x0000000611800000| PB 0x0000000611800000| Untracked |  0
|  71|0x0000000611c00000, 0x0000000611c00000, 0x0000000612000000|  0%| F|  |TAMS 0x0000000611c00000| PB 0x0000000611c00000| Untracked |  0
|  72|0x0000000612000000, 0x0000000612000000, 0x0000000612400000|  0%| F|  |TAMS 0x0000000612000000| PB 0x0000000612000000| Untracked |  0
|  73|0x0000000612400000, 0x0000000612400000, 0x0000000612800000|  0%| F|  |TAMS 0x0000000612400000| PB 0x0000000612400000| Untracked |  0
|  74|0x0000000612800000, 0x0000000612800000, 0x0000000612c00000|  0%| F|  |TAMS 0x0000000612800000| PB 0x0000000612800000| Untracked |  0
|  75|0x0000000612c00000, 0x0000000612c00000, 0x0000000613000000|  0%| F|  |TAMS 0x0000000612c00000| PB 0x0000000612c00000| Untracked |  0
|  76|0x0000000613000000, 0x0000000613000000, 0x0000000613400000|  0%| F|  |TAMS 0x0000000613000000| PB 0x0000000613000000| Untracked |  0
|  77|0x0000000613400000, 0x0000000613400000, 0x0000000613800000|  0%| F|  |TAMS 0x0000000613400000| PB 0x0000000613400000| Untracked |  0
|  78|0x0000000613800000, 0x0000000613800000, 0x0000000613c00000|  0%| F|  |TAMS 0x0000000613800000| PB 0x0000000613800000| Untracked |  0
|  79|0x0000000613c00000, 0x0000000613c00000, 0x0000000614000000|  0%| F|  |TAMS 0x0000000613c00000| PB 0x0000000613c00000| Untracked |  0
|  80|0x0000000614000000, 0x0000000614000000, 0x0000000614400000|  0%| F|  |TAMS 0x0000000614000000| PB 0x0000000614000000| Untracked |  0
|  81|0x0000000614400000, 0x0000000614400000, 0x0000000614800000|  0%| F|  |TAMS 0x0000000614400000| PB 0x0000000614400000| Untracked |  0
|  82|0x0000000614800000, 0x0000000614800000, 0x0000000614c00000|  0%| F|  |TAMS 0x0000000614800000| PB 0x0000000614800000| Untracked |  0
|  83|0x0000000614c00000, 0x0000000614c00000, 0x0000000615000000|  0%| F|  |TAMS 0x0000000614c00000| PB 0x0000000614c00000| Untracked |  0
|  84|0x0000000615000000, 0x0000000615000000, 0x0000000615400000|  0%| F|  |TAMS 0x0000000615000000| PB 0x0000000615000000| Untracked |  0
|  85|0x0000000615400000, 0x0000000615400000, 0x0000000615800000|  0%| F|  |TAMS 0x0000000615400000| PB 0x0000000615400000| Untracked |  0
|  86|0x0000000615800000, 0x0000000615800000, 0x0000000615c00000|  0%| F|  |TAMS 0x0000000615800000| PB 0x0000000615800000| Untracked |  0
|  87|0x0000000615c00000, 0x0000000615c00000, 0x0000000616000000|  0%| F|  |TAMS 0x0000000615c00000| PB 0x0000000615c00000| Untracked |  0
|  88|0x0000000616000000, 0x0000000616000000, 0x0000000616400000|  0%| F|  |TAMS 0x0000000616000000| PB 0x0000000616000000| Untracked |  0
|  89|0x0000000616400000, 0x0000000616400000, 0x0000000616800000|  0%| F|  |TAMS 0x0000000616400000| PB 0x0000000616400000| Untracked |  0
|  90|0x0000000616800000, 0x0000000616800000, 0x0000000616c00000|  0%| F|  |TAMS 0x0000000616800000| PB 0x0000000616800000| Untracked |  0
|  91|0x0000000616c00000, 0x0000000616c00000, 0x0000000617000000|  0%| F|  |TAMS 0x0000000616c00000| PB 0x0000000616c00000| Untracked |  0
|  92|0x0000000617000000, 0x0000000617000000, 0x0000000617400000|  0%| F|  |TAMS 0x0000000617000000| PB 0x0000000617000000| Untracked |  0
|  93|0x0000000617400000, 0x0000000617400000, 0x0000000617800000|  0%| F|  |TAMS 0x0000000617400000| PB 0x0000000617400000| Untracked |  0
|  94|0x0000000617800000, 0x0000000617800000, 0x0000000617c00000|  0%| F|  |TAMS 0x0000000617800000| PB 0x0000000617800000| Untracked |  0
|  95|0x0000000617c00000, 0x0000000617c00000, 0x0000000618000000|  0%| F|  |TAMS 0x0000000617c00000| PB 0x0000000617c00000| Untracked |  0
|  96|0x0000000618000000, 0x0000000618000000, 0x0000000618400000|  0%| F|  |TAMS 0x0000000618000000| PB 0x0000000618000000| Untracked |  0
|  97|0x0000000618400000, 0x0000000618400000, 0x0000000618800000|  0%| F|  |TAMS 0x0000000618400000| PB 0x0000000618400000| Untracked |  0
|  98|0x0000000618800000, 0x0000000618800000, 0x0000000618c00000|  0%| F|  |TAMS 0x0000000618800000| PB 0x0000000618800000| Untracked |  0
|  99|0x0000000618c00000, 0x0000000618c00000, 0x0000000619000000|  0%| F|  |TAMS 0x0000000618c00000| PB 0x0000000618c00000| Untracked |  0
| 100|0x0000000619000000, 0x0000000619000000, 0x0000000619400000|  0%| F|  |TAMS 0x0000000619000000| PB 0x0000000619000000| Untracked |  0
| 101|0x0000000619400000, 0x0000000619400000, 0x0000000619800000|  0%| F|  |TAMS 0x0000000619400000| PB 0x0000000619400000| Untracked |  0
| 102|0x0000000619800000, 0x0000000619800000, 0x0000000619c00000|  0%| F|  |TAMS 0x0000000619800000| PB 0x0000000619800000| Untracked |  0
| 103|0x0000000619c00000, 0x0000000619c00000, 0x000000061a000000|  0%| F|  |TAMS 0x0000000619c00000| PB 0x0000000619c00000| Untracked |  0
| 104|0x000000061a000000, 0x000000061a000000, 0x000000061a400000|  0%| F|  |TAMS 0x000000061a000000| PB 0x000000061a000000| Untracked |  0
| 105|0x000000061a400000, 0x000000061a400000, 0x000000061a800000|  0%| F|  |TAMS 0x000000061a400000| PB 0x000000061a400000| Untracked |  0
| 106|0x000000061a800000, 0x000000061a800000, 0x000000061ac00000|  0%| F|  |TAMS 0x000000061a800000| PB 0x000000061a800000| Untracked |  0
| 107|0x000000061ac00000, 0x000000061ac00000, 0x000000061b000000|  0%| F|  |TAMS 0x000000061ac00000| PB 0x000000061ac00000| Untracked |  0
| 108|0x000000061b000000, 0x000000061b000000, 0x000000061b400000|  0%| F|  |TAMS 0x000000061b000000| PB 0x000000061b000000| Untracked |  0
| 109|0x000000061b400000, 0x000000061b400000, 0x000000061b800000|  0%| F|  |TAMS 0x000000061b400000| PB 0x000000061b400000| Untracked |  0
| 110|0x000000061b800000, 0x000000061b800000, 0x000000061bc00000|  0%| F|  |TAMS 0x000000061b800000| PB 0x000000061b800000| Untracked |  0
| 111|0x000000061bc00000, 0x000000061bc00000, 0x000000061c000000|  0%| F|  |TAMS 0x000000061bc00000| PB 0x000000061bc00000| Untracked |  0
| 112|0x000000061c000000, 0x000000061c000000, 0x000000061c400000|  0%| F|  |TAMS 0x000000061c000000| PB 0x000000061c000000| Untracked |  0
| 113|0x000000061c400000, 0x000000061c400000, 0x000000061c800000|  0%| F|  |TAMS 0x000000061c400000| PB 0x000000061c400000| Untracked |  0
| 114|0x000000061c800000, 0x000000061c800000, 0x000000061cc00000|  0%| F|  |TAMS 0x000000061c800000| PB 0x000000061c800000| Untracked |  0
| 115|0x000000061cc00000, 0x000000061cc00000, 0x000000061d000000|  0%| F|  |TAMS 0x000000061cc00000| PB 0x000000061cc00000| Untracked |  0
| 116|0x000000061d000000, 0x000000061d000000, 0x000000061d400000|  0%| F|  |TAMS 0x000000061d000000| PB 0x000000061d000000| Untracked |  0
| 117|0x000000061d400000, 0x000000061d400000, 0x000000061d800000|  0%| F|  |TAMS 0x000000061d400000| PB 0x000000061d400000| Untracked |  0
| 118|0x000000061d800000, 0x000000061d800000, 0x000000061dc00000|  0%| F|  |TAMS 0x000000061d800000| PB 0x000000061d800000| Untracked |  0
| 119|0x000000061dc00000, 0x000000061dc00000, 0x000000061e000000|  0%| F|  |TAMS 0x000000061dc00000| PB 0x000000061dc00000| Untracked |  0
| 120|0x000000061e000000, 0x000000061e000000, 0x000000061e400000|  0%| F|  |TAMS 0x000000061e000000| PB 0x000000061e000000| Untracked |  0
| 121|0x000000061e400000, 0x000000061e400000, 0x000000061e800000|  0%| F|  |TAMS 0x000000061e400000| PB 0x000000061e400000| Untracked |  0
| 122|0x000000061e800000, 0x000000061e800000, 0x000000061ec00000|  0%| F|  |TAMS 0x000000061e800000| PB 0x000000061e800000| Untracked |  0
| 123|0x000000061ec00000, 0x000000061ec00000, 0x000000061f000000|  0%| F|  |TAMS 0x000000061ec00000| PB 0x000000061ec00000| Untracked |  0
| 124|0x000000061f000000, 0x000000061f000000, 0x000000061f400000|  0%| F|  |TAMS 0x000000061f000000| PB 0x000000061f000000| Untracked |  0
| 125|0x000000061f400000, 0x000000061f400000, 0x000000061f800000|  0%| F|  |TAMS 0x000000061f400000| PB 0x000000061f400000| Untracked |  0
| 126|0x000000061f800000, 0x000000061f800000, 0x000000061fc00000|  0%| F|  |TAMS 0x000000061f800000| PB 0x000000061f800000| Untracked |  0
| 127|0x000000061fc00000, 0x000000061fc00000, 0x0000000620000000|  0%| F|  |TAMS 0x000000061fc00000| PB 0x000000061fc00000| Untracked |  0
| 128|0x0000000620000000, 0x0000000620000000, 0x0000000620400000|  0%| F|  |TAMS 0x0000000620000000| PB 0x0000000620000000| Untracked |  0
| 129|0x0000000620400000, 0x0000000620400000, 0x0000000620800000|  0%| F|  |TAMS 0x0000000620400000| PB 0x0000000620400000| Untracked |  0
| 130|0x0000000620800000, 0x0000000620800000, 0x0000000620c00000|  0%| F|  |TAMS 0x0000000620800000| PB 0x0000000620800000| Untracked |  0
| 131|0x0000000620c00000, 0x0000000620c00000, 0x0000000621000000|  0%| F|  |TAMS 0x0000000620c00000| PB 0x0000000620c00000| Untracked |  0
| 132|0x0000000621000000, 0x0000000621000000, 0x0000000621400000|  0%| F|  |TAMS 0x0000000621000000| PB 0x0000000621000000| Untracked |  0
| 133|0x0000000621400000, 0x0000000621400000, 0x0000000621800000|  0%| F|  |TAMS 0x0000000621400000| PB 0x0000000621400000| Untracked |  0
| 134|0x0000000621800000, 0x0000000621800000, 0x0000000621c00000|  0%| F|  |TAMS 0x0000000621800000| PB 0x0000000621800000| Untracked |  0
| 135|0x0000000621c00000, 0x0000000621c00000, 0x0000000622000000|  0%| F|  |TAMS 0x0000000621c00000| PB 0x0000000621c00000| Untracked |  0
| 136|0x0000000622000000, 0x0000000622000000, 0x0000000622400000|  0%| F|  |TAMS 0x0000000622000000| PB 0x0000000622000000| Untracked |  0
| 137|0x0000000622400000, 0x0000000622400000, 0x0000000622800000|  0%| F|  |TAMS 0x0000000622400000| PB 0x0000000622400000| Untracked |  0
| 138|0x0000000622800000, 0x0000000622800000, 0x0000000622c00000|  0%| F|  |TAMS 0x0000000622800000| PB 0x0000000622800000| Untracked |  0
| 139|0x0000000622c00000, 0x0000000622c00000, 0x0000000623000000|  0%| F|  |TAMS 0x0000000622c00000| PB 0x0000000622c00000| Untracked |  0
| 140|0x0000000623000000, 0x0000000623000000, 0x0000000623400000|  0%| F|  |TAMS 0x0000000623000000| PB 0x0000000623000000| Untracked |  0
| 141|0x0000000623400000, 0x0000000623400000, 0x0000000623800000|  0%| F|  |TAMS 0x0000000623400000| PB 0x0000000623400000| Untracked |  0
| 142|0x0000000623800000, 0x0000000623800000, 0x0000000623c00000|  0%| F|  |TAMS 0x0000000623800000| PB 0x0000000623800000| Untracked |  0
| 143|0x0000000623c00000, 0x0000000623c00000, 0x0000000624000000|  0%| F|  |TAMS 0x0000000623c00000| PB 0x0000000623c00000| Untracked |  0
| 144|0x0000000624000000, 0x0000000624000000, 0x0000000624400000|  0%| F|  |TAMS 0x0000000624000000| PB 0x0000000624000000| Untracked |  0
| 145|0x0000000624400000, 0x0000000624400000, 0x0000000624800000|  0%| F|  |TAMS 0x0000000624400000| PB 0x0000000624400000| Untracked |  0
| 146|0x0000000624800000, 0x0000000624800000, 0x0000000624c00000|  0%| F|  |TAMS 0x0000000624800000| PB 0x0000000624800000| Untracked |  0
| 147|0x0000000624c00000, 0x0000000624c00000, 0x0000000625000000|  0%| F|  |TAMS 0x0000000624c00000| PB 0x0000000624c00000| Untracked |  0
| 148|0x0000000625000000, 0x0000000625000000, 0x0000000625400000|  0%| F|  |TAMS 0x0000000625000000| PB 0x0000000625000000| Untracked |  0
| 149|0x0000000625400000, 0x0000000625400000, 0x0000000625800000|  0%| F|  |TAMS 0x0000000625400000| PB 0x0000000625400000| Untracked |  0
| 150|0x0000000625800000, 0x0000000625800000, 0x0000000625c00000|  0%| F|  |TAMS 0x0000000625800000| PB 0x0000000625800000| Untracked |  0
| 151|0x0000000625c00000, 0x0000000625c00000, 0x0000000626000000|  0%| F|  |TAMS 0x0000000625c00000| PB 0x0000000625c00000| Untracked |  0
| 152|0x0000000626000000, 0x0000000626000000, 0x0000000626400000|  0%| F|  |TAMS 0x0000000626000000| PB 0x0000000626000000| Untracked |  0
| 153|0x0000000626400000, 0x0000000626400000, 0x0000000626800000|  0%| F|  |TAMS 0x0000000626400000| PB 0x0000000626400000| Untracked |  0
| 154|0x0000000626800000, 0x0000000626800000, 0x0000000626c00000|  0%| F|  |TAMS 0x0000000626800000| PB 0x0000000626800000| Untracked |  0
| 155|0x0000000626c00000, 0x0000000626c00000, 0x0000000627000000|  0%| F|  |TAMS 0x0000000626c00000| PB 0x0000000626c00000| Untracked |  0
| 156|0x0000000627000000, 0x0000000627000000, 0x0000000627400000|  0%| F|  |TAMS 0x0000000627000000| PB 0x0000000627000000| Untracked |  0
| 157|0x0000000627400000, 0x0000000627400000, 0x0000000627800000|  0%| F|  |TAMS 0x0000000627400000| PB 0x0000000627400000| Untracked |  0
| 158|0x0000000627800000, 0x0000000627800000, 0x0000000627c00000|  0%| F|  |TAMS 0x0000000627800000| PB 0x0000000627800000| Untracked |  0
| 159|0x0000000627c00000, 0x0000000627c00000, 0x0000000628000000|  0%| F|  |TAMS 0x0000000627c00000| PB 0x0000000627c00000| Untracked |  0
| 160|0x0000000628000000, 0x0000000628000000, 0x0000000628400000|  0%| F|  |TAMS 0x0000000628000000| PB 0x0000000628000000| Untracked |  0
| 161|0x0000000628400000, 0x0000000628400000, 0x0000000628800000|  0%| F|  |TAMS 0x0000000628400000| PB 0x0000000628400000| Untracked |  0
| 162|0x0000000628800000, 0x0000000628800000, 0x0000000628c00000|  0%| F|  |TAMS 0x0000000628800000| PB 0x0000000628800000| Untracked |  0
| 163|0x0000000628c00000, 0x0000000628c00000, 0x0000000629000000|  0%| F|  |TAMS 0x0000000628c00000| PB 0x0000000628c00000| Untracked |  0
| 164|0x0000000629000000, 0x0000000629000000, 0x0000000629400000|  0%| F|  |TAMS 0x0000000629000000| PB 0x0000000629000000| Untracked |  0
| 165|0x0000000629400000, 0x0000000629400000, 0x0000000629800000|  0%| F|  |TAMS 0x0000000629400000| PB 0x0000000629400000| Untracked |  0
| 166|0x0000000629800000, 0x0000000629800000, 0x0000000629c00000|  0%| F|  |TAMS 0x0000000629800000| PB 0x0000000629800000| Untracked |  0
| 167|0x0000000629c00000, 0x0000000629c00000, 0x000000062a000000|  0%| F|  |TAMS 0x0000000629c00000| PB 0x0000000629c00000| Untracked |  0
| 168|0x000000062a000000, 0x000000062a000000, 0x000000062a400000|  0%| F|  |TAMS 0x000000062a000000| PB 0x000000062a000000| Untracked |  0
| 169|0x000000062a400000, 0x000000062a400000, 0x000000062a800000|  0%| F|  |TAMS 0x000000062a400000| PB 0x000000062a400000| Untracked |  0
| 170|0x000000062a800000, 0x000000062a800000, 0x000000062ac00000|  0%| F|  |TAMS 0x000000062a800000| PB 0x000000062a800000| Untracked |  0
| 171|0x000000062ac00000, 0x000000062ac00000, 0x000000062b000000|  0%| F|  |TAMS 0x000000062ac00000| PB 0x000000062ac00000| Untracked |  0
| 172|0x000000062b000000, 0x000000062b000000, 0x000000062b400000|  0%| F|  |TAMS 0x000000062b000000| PB 0x000000062b000000| Untracked |  0
| 173|0x000000062b400000, 0x000000062b400000, 0x000000062b800000|  0%| F|  |TAMS 0x000000062b400000| PB 0x000000062b400000| Untracked |  0
| 174|0x000000062b800000, 0x000000062b800000, 0x000000062bc00000|  0%| F|  |TAMS 0x000000062b800000| PB 0x000000062b800000| Untracked |  0
| 175|0x000000062bc00000, 0x000000062bc00000, 0x000000062c000000|  0%| F|  |TAMS 0x000000062bc00000| PB 0x000000062bc00000| Untracked |  0
| 176|0x000000062c000000, 0x000000062c000000, 0x000000062c400000|  0%| F|  |TAMS 0x000000062c000000| PB 0x000000062c000000| Untracked |  0
| 177|0x000000062c400000, 0x000000062c400000, 0x000000062c800000|  0%| F|  |TAMS 0x000000062c400000| PB 0x000000062c400000| Untracked |  0
| 178|0x000000062c800000, 0x000000062c800000, 0x000000062cc00000|  0%| F|  |TAMS 0x000000062c800000| PB 0x000000062c800000| Untracked |  0
| 179|0x000000062cc00000, 0x000000062cc00000, 0x000000062d000000|  0%| F|  |TAMS 0x000000062cc00000| PB 0x000000062cc00000| Untracked |  0
| 180|0x000000062d000000, 0x000000062d000000, 0x000000062d400000|  0%| F|  |TAMS 0x000000062d000000| PB 0x000000062d000000| Untracked |  0
| 181|0x000000062d400000, 0x000000062d400000, 0x000000062d800000|  0%| F|  |TAMS 0x000000062d400000| PB 0x000000062d400000| Untracked |  0
| 182|0x000000062d800000, 0x000000062d800000, 0x000000062dc00000|  0%| F|  |TAMS 0x000000062d800000| PB 0x000000062d800000| Untracked |  0
| 183|0x000000062dc00000, 0x000000062dc00000, 0x000000062e000000|  0%| F|  |TAMS 0x000000062dc00000| PB 0x000000062dc00000| Untracked |  0
| 184|0x000000062e000000, 0x000000062e000000, 0x000000062e400000|  0%| F|  |TAMS 0x000000062e000000| PB 0x000000062e000000| Untracked |  0
| 185|0x000000062e400000, 0x000000062e400000, 0x000000062e800000|  0%| F|  |TAMS 0x000000062e400000| PB 0x000000062e400000| Untracked |  0
| 186|0x000000062e800000, 0x000000062e800000, 0x000000062ec00000|  0%| F|  |TAMS 0x000000062e800000| PB 0x000000062e800000| Untracked |  0
| 187|0x000000062ec00000, 0x000000062ec00000, 0x000000062f000000|  0%| F|  |TAMS 0x000000062ec00000| PB 0x000000062ec00000| Untracked |  0
| 188|0x000000062f000000, 0x000000062f000000, 0x000000062f400000|  0%| F|  |TAMS 0x000000062f000000| PB 0x000000062f000000| Untracked |  0
| 189|0x000000062f400000, 0x000000062f400000, 0x000000062f800000|  0%| F|  |TAMS 0x000000062f400000| PB 0x000000062f400000| Untracked |  0
| 190|0x000000062f800000, 0x000000062f800000, 0x000000062fc00000|  0%| F|  |TAMS 0x000000062f800000| PB 0x000000062f800000| Untracked |  0
| 191|0x000000062fc00000, 0x000000062fc00000, 0x0000000630000000|  0%| F|  |TAMS 0x000000062fc00000| PB 0x000000062fc00000| Untracked |  0
| 192|0x0000000630000000, 0x0000000630000000, 0x0000000630400000|  0%| F|  |TAMS 0x0000000630000000| PB 0x0000000630000000| Untracked |  0
| 193|0x0000000630400000, 0x0000000630400000, 0x0000000630800000|  0%| F|  |TAMS 0x0000000630400000| PB 0x0000000630400000| Untracked |  0
| 194|0x0000000630800000, 0x0000000630800000, 0x0000000630c00000|  0%| F|  |TAMS 0x0000000630800000| PB 0x0000000630800000| Untracked |  0
| 195|0x0000000630c00000, 0x0000000630c00000, 0x0000000631000000|  0%| F|  |TAMS 0x0000000630c00000| PB 0x0000000630c00000| Untracked |  0
| 196|0x0000000631000000, 0x0000000631000000, 0x0000000631400000|  0%| F|  |TAMS 0x0000000631000000| PB 0x0000000631000000| Untracked |  0
| 197|0x0000000631400000, 0x0000000631400000, 0x0000000631800000|  0%| F|  |TAMS 0x0000000631400000| PB 0x0000000631400000| Untracked |  0
| 198|0x0000000631800000, 0x0000000631800000, 0x0000000631c00000|  0%| F|  |TAMS 0x0000000631800000| PB 0x0000000631800000| Untracked |  0
| 199|0x0000000631c00000, 0x0000000631c00000, 0x0000000632000000|  0%| F|  |TAMS 0x0000000631c00000| PB 0x0000000631c00000| Untracked |  0
| 200|0x0000000632000000, 0x0000000632000000, 0x0000000632400000|  0%| F|  |TAMS 0x0000000632000000| PB 0x0000000632000000| Untracked |  0
| 201|0x0000000632400000, 0x0000000632400000, 0x0000000632800000|  0%| F|  |TAMS 0x0000000632400000| PB 0x0000000632400000| Untracked |  0
| 202|0x0000000632800000, 0x0000000632800000, 0x0000000632c00000|  0%| F|  |TAMS 0x0000000632800000| PB 0x0000000632800000| Untracked |  0
| 203|0x0000000632c00000, 0x0000000632c00000, 0x0000000633000000|  0%| F|  |TAMS 0x0000000632c00000| PB 0x0000000632c00000| Untracked |  0
| 204|0x0000000633000000, 0x0000000633000000, 0x0000000633400000|  0%| F|  |TAMS 0x0000000633000000| PB 0x0000000633000000| Untracked |  0
| 205|0x0000000633400000, 0x0000000633400000, 0x0000000633800000|  0%| F|  |TAMS 0x0000000633400000| PB 0x0000000633400000| Untracked |  0
| 206|0x0000000633800000, 0x0000000633800000, 0x0000000633c00000|  0%| F|  |TAMS 0x0000000633800000| PB 0x0000000633800000| Untracked |  0
| 207|0x0000000633c00000, 0x0000000633c00000, 0x0000000634000000|  0%| F|  |TAMS 0x0000000633c00000| PB 0x0000000633c00000| Untracked |  0
| 208|0x0000000634000000, 0x0000000634000000, 0x0000000634400000|  0%| F|  |TAMS 0x0000000634000000| PB 0x0000000634000000| Untracked |  0
| 209|0x0000000634400000, 0x0000000634400000, 0x0000000634800000|  0%| F|  |TAMS 0x0000000634400000| PB 0x0000000634400000| Untracked |  0
| 210|0x0000000634800000, 0x0000000634800000, 0x0000000634c00000|  0%| F|  |TAMS 0x0000000634800000| PB 0x0000000634800000| Untracked |  0
| 211|0x0000000634c00000, 0x0000000634c00000, 0x0000000635000000|  0%| F|  |TAMS 0x0000000634c00000| PB 0x0000000634c00000| Untracked |  0
| 212|0x0000000635000000, 0x0000000635000000, 0x0000000635400000|  0%| F|  |TAMS 0x0000000635000000| PB 0x0000000635000000| Untracked |  0
| 213|0x0000000635400000, 0x0000000635400000, 0x0000000635800000|  0%| F|  |TAMS 0x0000000635400000| PB 0x0000000635400000| Untracked |  0
| 214|0x0000000635800000, 0x0000000635800000, 0x0000000635c00000|  0%| F|  |TAMS 0x0000000635800000| PB 0x0000000635800000| Untracked |  0
| 215|0x0000000635c00000, 0x0000000635c00000, 0x0000000636000000|  0%| F|  |TAMS 0x0000000635c00000| PB 0x0000000635c00000| Untracked |  0
| 216|0x0000000636000000, 0x0000000636000000, 0x0000000636400000|  0%| F|  |TAMS 0x0000000636000000| PB 0x0000000636000000| Untracked |  0
| 217|0x0000000636400000, 0x0000000636400000, 0x0000000636800000|  0%| F|  |TAMS 0x0000000636400000| PB 0x0000000636400000| Untracked |  0
| 218|0x0000000636800000, 0x0000000636800000, 0x0000000636c00000|  0%| F|  |TAMS 0x0000000636800000| PB 0x0000000636800000| Untracked |  0
| 219|0x0000000636c00000, 0x0000000636c00000, 0x0000000637000000|  0%| F|  |TAMS 0x0000000636c00000| PB 0x0000000636c00000| Untracked |  0
| 220|0x0000000637000000, 0x0000000637000000, 0x0000000637400000|  0%| F|  |TAMS 0x0000000637000000| PB 0x0000000637000000| Untracked |  0
| 221|0x0000000637400000, 0x0000000637400000, 0x0000000637800000|  0%| F|  |TAMS 0x0000000637400000| PB 0x0000000637400000| Untracked |  0
| 222|0x0000000637800000, 0x0000000637800000, 0x0000000637c00000|  0%| F|  |TAMS 0x0000000637800000| PB 0x0000000637800000| Untracked |  0
| 223|0x0000000637c00000, 0x0000000637c00000, 0x0000000638000000|  0%| F|  |TAMS 0x0000000637c00000| PB 0x0000000637c00000| Untracked |  0
| 224|0x0000000638000000, 0x0000000638000000, 0x0000000638400000|  0%| F|  |TAMS 0x0000000638000000| PB 0x0000000638000000| Untracked |  0
| 225|0x0000000638400000, 0x0000000638400000, 0x0000000638800000|  0%| F|  |TAMS 0x0000000638400000| PB 0x0000000638400000| Untracked |  0
| 226|0x0000000638800000, 0x0000000638800000, 0x0000000638c00000|  0%| F|  |TAMS 0x0000000638800000| PB 0x0000000638800000| Untracked |  0
| 227|0x0000000638c00000, 0x0000000638c00000, 0x0000000639000000|  0%| F|  |TAMS 0x0000000638c00000| PB 0x0000000638c00000| Untracked |  0
| 228|0x0000000639000000, 0x0000000639000000, 0x0000000639400000|  0%| F|  |TAMS 0x0000000639000000| PB 0x0000000639000000| Untracked |  0
| 229|0x0000000639400000, 0x0000000639400000, 0x0000000639800000|  0%| F|  |TAMS 0x0000000639400000| PB 0x0000000639400000| Untracked |  0
| 230|0x0000000639800000, 0x0000000639800000, 0x0000000639c00000|  0%| F|  |TAMS 0x0000000639800000| PB 0x0000000639800000| Untracked |  0
| 231|0x0000000639c00000, 0x0000000639c00000, 0x000000063a000000|  0%| F|  |TAMS 0x0000000639c00000| PB 0x0000000639c00000| Untracked |  0
| 232|0x000000063a000000, 0x000000063a000000, 0x000000063a400000|  0%| F|  |TAMS 0x000000063a000000| PB 0x000000063a000000| Untracked |  0
| 233|0x000000063a400000, 0x000000063a400000, 0x000000063a800000|  0%| F|  |TAMS 0x000000063a400000| PB 0x000000063a400000| Untracked |  0
| 234|0x000000063a800000, 0x000000063a800000, 0x000000063ac00000|  0%| F|  |TAMS 0x000000063a800000| PB 0x000000063a800000| Untracked |  0
| 235|0x000000063ac00000, 0x000000063ac00000, 0x000000063b000000|  0%| F|  |TAMS 0x000000063ac00000| PB 0x000000063ac00000| Untracked |  0
| 236|0x000000063b000000, 0x000000063b000000, 0x000000063b400000|  0%| F|  |TAMS 0x000000063b000000| PB 0x000000063b000000| Untracked |  0
| 237|0x000000063b400000, 0x000000063b400000, 0x000000063b800000|  0%| F|  |TAMS 0x000000063b400000| PB 0x000000063b400000| Untracked |  0
| 238|0x000000063b800000, 0x000000063b800000, 0x000000063bc00000|  0%| F|  |TAMS 0x000000063b800000| PB 0x000000063b800000| Untracked |  0
| 239|0x000000063bc00000, 0x000000063bc00000, 0x000000063c000000|  0%| F|  |TAMS 0x000000063bc00000| PB 0x000000063bc00000| Untracked |  0
| 240|0x000000063c000000, 0x000000063c000000, 0x000000063c400000|  0%| F|  |TAMS 0x000000063c000000| PB 0x000000063c000000| Untracked |  0
| 241|0x000000063c400000, 0x000000063c400000, 0x000000063c800000|  0%| F|  |TAMS 0x000000063c400000| PB 0x000000063c400000| Untracked |  0
| 242|0x000000063c800000, 0x000000063c800000, 0x000000063cc00000|  0%| F|  |TAMS 0x000000063c800000| PB 0x000000063c800000| Untracked |  0
| 243|0x000000063cc00000, 0x000000063cc00000, 0x000000063d000000|  0%| F|  |TAMS 0x000000063cc00000| PB 0x000000063cc00000| Untracked |  0
| 244|0x000000063d000000, 0x000000063d000000, 0x000000063d400000|  0%| F|  |TAMS 0x000000063d000000| PB 0x000000063d000000| Untracked |  0
| 245|0x000000063d400000, 0x000000063d400000, 0x000000063d800000|  0%| F|  |TAMS 0x000000063d400000| PB 0x000000063d400000| Untracked |  0
| 246|0x000000063d800000, 0x000000063d800000, 0x000000063dc00000|  0%| F|  |TAMS 0x000000063d800000| PB 0x000000063d800000| Untracked |  0
| 247|0x000000063dc00000, 0x000000063dc00000, 0x000000063e000000|  0%| F|  |TAMS 0x000000063dc00000| PB 0x000000063dc00000| Untracked |  0
| 248|0x000000063e000000, 0x000000063e000000, 0x000000063e400000|  0%| F|  |TAMS 0x000000063e000000| PB 0x000000063e000000| Untracked |  0
| 249|0x000000063e400000, 0x000000063e400000, 0x000000063e800000|  0%| F|  |TAMS 0x000000063e400000| PB 0x000000063e400000| Untracked |  0
| 250|0x000000063e800000, 0x000000063e800000, 0x000000063ec00000|  0%| F|  |TAMS 0x000000063e800000| PB 0x000000063e800000| Untracked |  0
| 251|0x000000063ec00000, 0x000000063ec00000, 0x000000063f000000|  0%| F|  |TAMS 0x000000063ec00000| PB 0x000000063ec00000| Untracked |  0
| 252|0x000000063f000000, 0x000000063f000000, 0x000000063f400000|  0%| F|  |TAMS 0x000000063f000000| PB 0x000000063f000000| Untracked |  0
| 253|0x000000063f400000, 0x000000063f400000, 0x000000063f800000|  0%| F|  |TAMS 0x000000063f400000| PB 0x000000063f400000| Untracked |  0
| 254|0x000000063f800000, 0x000000063f800000, 0x000000063fc00000|  0%| F|  |TAMS 0x000000063f800000| PB 0x000000063f800000| Untracked |  0
| 255|0x000000063fc00000, 0x000000063fc00000, 0x0000000640000000|  0%| F|  |TAMS 0x000000063fc00000| PB 0x000000063fc00000| Untracked |  0
| 256|0x0000000640000000, 0x0000000640000000, 0x0000000640400000|  0%| F|  |TAMS 0x0000000640000000| PB 0x0000000640000000| Untracked |  0
| 257|0x0000000640400000, 0x0000000640400000, 0x0000000640800000|  0%| F|  |TAMS 0x0000000640400000| PB 0x0000000640400000| Untracked |  0
| 258|0x0000000640800000, 0x0000000640800000, 0x0000000640c00000|  0%| F|  |TAMS 0x0000000640800000| PB 0x0000000640800000| Untracked |  0
| 259|0x0000000640c00000, 0x0000000640c00000, 0x0000000641000000|  0%| F|  |TAMS 0x0000000640c00000| PB 0x0000000640c00000| Untracked |  0
| 260|0x0000000641000000, 0x0000000641000000, 0x0000000641400000|  0%| F|  |TAMS 0x0000000641000000| PB 0x0000000641000000| Untracked |  0
| 261|0x0000000641400000, 0x0000000641400000, 0x0000000641800000|  0%| F|  |TAMS 0x0000000641400000| PB 0x0000000641400000| Untracked |  0
| 262|0x0000000641800000, 0x0000000641800000, 0x0000000641c00000|  0%| F|  |TAMS 0x0000000641800000| PB 0x0000000641800000| Untracked |  0
| 263|0x0000000641c00000, 0x0000000641c00000, 0x0000000642000000|  0%| F|  |TAMS 0x0000000641c00000| PB 0x0000000641c00000| Untracked |  0
| 264|0x0000000642000000, 0x0000000642000000, 0x0000000642400000|  0%| F|  |TAMS 0x0000000642000000| PB 0x0000000642000000| Untracked |  0
| 265|0x0000000642400000, 0x0000000642400000, 0x0000000642800000|  0%| F|  |TAMS 0x0000000642400000| PB 0x0000000642400000| Untracked |  0
| 266|0x0000000642800000, 0x0000000642800000, 0x0000000642c00000|  0%| F|  |TAMS 0x0000000642800000| PB 0x0000000642800000| Untracked |  0
| 267|0x0000000642c00000, 0x0000000642c00000, 0x0000000643000000|  0%| F|  |TAMS 0x0000000642c00000| PB 0x0000000642c00000| Untracked |  0
| 268|0x0000000643000000, 0x0000000643000000, 0x0000000643400000|  0%| F|  |TAMS 0x0000000643000000| PB 0x0000000643000000| Untracked |  0
| 269|0x0000000643400000, 0x0000000643400000, 0x0000000643800000|  0%| F|  |TAMS 0x0000000643400000| PB 0x0000000643400000| Untracked |  0
| 270|0x0000000643800000, 0x0000000643800000, 0x0000000643c00000|  0%| F|  |TAMS 0x0000000643800000| PB 0x0000000643800000| Untracked |  0
| 271|0x0000000643c00000, 0x0000000643c00000, 0x0000000644000000|  0%| F|  |TAMS 0x0000000643c00000| PB 0x0000000643c00000| Untracked |  0
| 272|0x0000000644000000, 0x0000000644000000, 0x0000000644400000|  0%| F|  |TAMS 0x0000000644000000| PB 0x0000000644000000| Untracked |  0
| 273|0x0000000644400000, 0x0000000644400000, 0x0000000644800000|  0%| F|  |TAMS 0x0000000644400000| PB 0x0000000644400000| Untracked |  0
| 274|0x0000000644800000, 0x0000000644800000, 0x0000000644c00000|  0%| F|  |TAMS 0x0000000644800000| PB 0x0000000644800000| Untracked |  0
| 275|0x0000000644c00000, 0x0000000644c00000, 0x0000000645000000|  0%| F|  |TAMS 0x0000000644c00000| PB 0x0000000644c00000| Untracked |  0
| 276|0x0000000645000000, 0x0000000645000000, 0x0000000645400000|  0%| F|  |TAMS 0x0000000645000000| PB 0x0000000645000000| Untracked |  0
| 277|0x0000000645400000, 0x0000000645400000, 0x0000000645800000|  0%| F|  |TAMS 0x0000000645400000| PB 0x0000000645400000| Untracked |  0
| 278|0x0000000645800000, 0x0000000645800000, 0x0000000645c00000|  0%| F|  |TAMS 0x0000000645800000| PB 0x0000000645800000| Untracked |  0
| 279|0x0000000645c00000, 0x0000000645c00000, 0x0000000646000000|  0%| F|  |TAMS 0x0000000645c00000| PB 0x0000000645c00000| Untracked |  0
| 280|0x0000000646000000, 0x0000000646000000, 0x0000000646400000|  0%| F|  |TAMS 0x0000000646000000| PB 0x0000000646000000| Untracked |  0
| 281|0x0000000646400000, 0x0000000646400000, 0x0000000646800000|  0%| F|  |TAMS 0x0000000646400000| PB 0x0000000646400000| Untracked |  0
| 282|0x0000000646800000, 0x0000000646800000, 0x0000000646c00000|  0%| F|  |TAMS 0x0000000646800000| PB 0x0000000646800000| Untracked |  0
| 283|0x0000000646c00000, 0x0000000646c00000, 0x0000000647000000|  0%| F|  |TAMS 0x0000000646c00000| PB 0x0000000646c00000| Untracked |  0
| 284|0x0000000647000000, 0x0000000647000000, 0x0000000647400000|  0%| F|  |TAMS 0x0000000647000000| PB 0x0000000647000000| Untracked |  0
| 285|0x0000000647400000, 0x0000000647400000, 0x0000000647800000|  0%| F|  |TAMS 0x0000000647400000| PB 0x0000000647400000| Untracked |  0
| 286|0x0000000647800000, 0x0000000647800000, 0x0000000647c00000|  0%| F|  |TAMS 0x0000000647800000| PB 0x0000000647800000| Untracked |  0
| 287|0x0000000647c00000, 0x0000000647c00000, 0x0000000648000000|  0%| F|  |TAMS 0x0000000647c00000| PB 0x0000000647c00000| Untracked |  0
| 288|0x0000000648000000, 0x0000000648000000, 0x0000000648400000|  0%| F|  |TAMS 0x0000000648000000| PB 0x0000000648000000| Untracked |  0
| 289|0x0000000648400000, 0x0000000648400000, 0x0000000648800000|  0%| F|  |TAMS 0x0000000648400000| PB 0x0000000648400000| Untracked |  0
| 290|0x0000000648800000, 0x0000000648800000, 0x0000000648c00000|  0%| F|  |TAMS 0x0000000648800000| PB 0x0000000648800000| Untracked |  0
| 291|0x0000000648c00000, 0x0000000648c00000, 0x0000000649000000|  0%| F|  |TAMS 0x0000000648c00000| PB 0x0000000648c00000| Untracked |  0
| 292|0x0000000649000000, 0x0000000649000000, 0x0000000649400000|  0%| F|  |TAMS 0x0000000649000000| PB 0x0000000649000000| Untracked |  0
| 293|0x0000000649400000, 0x0000000649400000, 0x0000000649800000|  0%| F|  |TAMS 0x0000000649400000| PB 0x0000000649400000| Untracked |  0
| 294|0x0000000649800000, 0x0000000649800000, 0x0000000649c00000|  0%| F|  |TAMS 0x0000000649800000| PB 0x0000000649800000| Untracked |  0
| 295|0x0000000649c00000, 0x0000000649c00000, 0x000000064a000000|  0%| F|  |TAMS 0x0000000649c00000| PB 0x0000000649c00000| Untracked |  0
| 296|0x000000064a000000, 0x000000064a000000, 0x000000064a400000|  0%| F|  |TAMS 0x000000064a000000| PB 0x000000064a000000| Untracked |  0
| 297|0x000000064a400000, 0x000000064a400000, 0x000000064a800000|  0%| F|  |TAMS 0x000000064a400000| PB 0x000000064a400000| Untracked |  0
| 298|0x000000064a800000, 0x000000064a800000, 0x000000064ac00000|  0%| F|  |TAMS 0x000000064a800000| PB 0x000000064a800000| Untracked |  0
| 299|0x000000064ac00000, 0x000000064ac00000, 0x000000064b000000|  0%| F|  |TAMS 0x000000064ac00000| PB 0x000000064ac00000| Untracked |  0
| 300|0x000000064b000000, 0x000000064b000000, 0x000000064b400000|  0%| F|  |TAMS 0x000000064b000000| PB 0x000000064b000000| Untracked |  0
| 301|0x000000064b400000, 0x000000064b400000, 0x000000064b800000|  0%| F|  |TAMS 0x000000064b400000| PB 0x000000064b400000| Untracked |  0
| 302|0x000000064b800000, 0x000000064b800000, 0x000000064bc00000|  0%| F|  |TAMS 0x000000064b800000| PB 0x000000064b800000| Untracked |  0
| 303|0x000000064bc00000, 0x000000064bc00000, 0x000000064c000000|  0%| F|  |TAMS 0x000000064bc00000| PB 0x000000064bc00000| Untracked |  0
| 304|0x000000064c000000, 0x000000064c000000, 0x000000064c400000|  0%| F|  |TAMS 0x000000064c000000| PB 0x000000064c000000| Untracked |  0
| 305|0x000000064c400000, 0x000000064c400000, 0x000000064c800000|  0%| F|  |TAMS 0x000000064c400000| PB 0x000000064c400000| Untracked |  0
| 306|0x000000064c800000, 0x000000064c800000, 0x000000064cc00000|  0%| F|  |TAMS 0x000000064c800000| PB 0x000000064c800000| Untracked |  0
| 307|0x000000064cc00000, 0x000000064cc00000, 0x000000064d000000|  0%| F|  |TAMS 0x000000064cc00000| PB 0x000000064cc00000| Untracked |  0
| 308|0x000000064d000000, 0x000000064d000000, 0x000000064d400000|  0%| F|  |TAMS 0x000000064d000000| PB 0x000000064d000000| Untracked |  0
| 309|0x000000064d400000, 0x000000064d400000, 0x000000064d800000|  0%| F|  |TAMS 0x000000064d400000| PB 0x000000064d400000| Untracked |  0
| 310|0x000000064d800000, 0x000000064d800000, 0x000000064dc00000|  0%| F|  |TAMS 0x000000064d800000| PB 0x000000064d800000| Untracked |  0
| 311|0x000000064dc00000, 0x000000064dc00000, 0x000000064e000000|  0%| F|  |TAMS 0x000000064dc00000| PB 0x000000064dc00000| Untracked |  0
| 312|0x000000064e000000, 0x000000064e000000, 0x000000064e400000|  0%| F|  |TAMS 0x000000064e000000| PB 0x000000064e000000| Untracked |  0
| 313|0x000000064e400000, 0x000000064e400000, 0x000000064e800000|  0%| F|  |TAMS 0x000000064e400000| PB 0x000000064e400000| Untracked |  0
| 314|0x000000064e800000, 0x000000064e800000, 0x000000064ec00000|  0%| F|  |TAMS 0x000000064e800000| PB 0x000000064e800000| Untracked |  0
| 315|0x000000064ec00000, 0x000000064ec00000, 0x000000064f000000|  0%| F|  |TAMS 0x000000064ec00000| PB 0x000000064ec00000| Untracked |  0
| 316|0x000000064f000000, 0x000000064f000000, 0x000000064f400000|  0%| F|  |TAMS 0x000000064f000000| PB 0x000000064f000000| Untracked |  0
| 317|0x000000064f400000, 0x000000064f400000, 0x000000064f800000|  0%| F|  |TAMS 0x000000064f400000| PB 0x000000064f400000| Untracked |  0
| 318|0x000000064f800000, 0x000000064f800000, 0x000000064fc00000|  0%| F|  |TAMS 0x000000064f800000| PB 0x000000064f800000| Untracked |  0
| 319|0x000000064fc00000, 0x000000064fc00000, 0x0000000650000000|  0%| F|  |TAMS 0x000000064fc00000| PB 0x000000064fc00000| Untracked |  0
| 320|0x0000000650000000, 0x0000000650000000, 0x0000000650400000|  0%| F|  |TAMS 0x0000000650000000| PB 0x0000000650000000| Untracked |  0
| 321|0x0000000650400000, 0x0000000650400000, 0x0000000650800000|  0%| F|  |TAMS 0x0000000650400000| PB 0x0000000650400000| Untracked |  0
| 322|0x0000000650800000, 0x0000000650800000, 0x0000000650c00000|  0%| F|  |TAMS 0x0000000650800000| PB 0x0000000650800000| Untracked |  0
| 323|0x0000000650c00000, 0x0000000650c00000, 0x0000000651000000|  0%| F|  |TAMS 0x0000000650c00000| PB 0x0000000650c00000| Untracked |  0
| 324|0x0000000651000000, 0x0000000651000000, 0x0000000651400000|  0%| F|  |TAMS 0x0000000651000000| PB 0x0000000651000000| Untracked |  0
| 325|0x0000000651400000, 0x0000000651400000, 0x0000000651800000|  0%| F|  |TAMS 0x0000000651400000| PB 0x0000000651400000| Untracked |  0
| 326|0x0000000651800000, 0x0000000651800000, 0x0000000651c00000|  0%| F|  |TAMS 0x0000000651800000| PB 0x0000000651800000| Untracked |  0
| 327|0x0000000651c00000, 0x0000000651c00000, 0x0000000652000000|  0%| F|  |TAMS 0x0000000651c00000| PB 0x0000000651c00000| Untracked |  0
| 328|0x0000000652000000, 0x0000000652000000, 0x0000000652400000|  0%| F|  |TAMS 0x0000000652000000| PB 0x0000000652000000| Untracked |  0
| 329|0x0000000652400000, 0x0000000652400000, 0x0000000652800000|  0%| F|  |TAMS 0x0000000652400000| PB 0x0000000652400000| Untracked |  0
| 330|0x0000000652800000, 0x0000000652800000, 0x0000000652c00000|  0%| F|  |TAMS 0x0000000652800000| PB 0x0000000652800000| Untracked |  0
| 331|0x0000000652c00000, 0x0000000652c00000, 0x0000000653000000|  0%| F|  |TAMS 0x0000000652c00000| PB 0x0000000652c00000| Untracked |  0
| 332|0x0000000653000000, 0x0000000653000000, 0x0000000653400000|  0%| F|  |TAMS 0x0000000653000000| PB 0x0000000653000000| Untracked |  0
| 333|0x0000000653400000, 0x0000000653400000, 0x0000000653800000|  0%| F|  |TAMS 0x0000000653400000| PB 0x0000000653400000| Untracked |  0
| 334|0x0000000653800000, 0x0000000653800000, 0x0000000653c00000|  0%| F|  |TAMS 0x0000000653800000| PB 0x0000000653800000| Untracked |  0
| 335|0x0000000653c00000, 0x0000000653c00000, 0x0000000654000000|  0%| F|  |TAMS 0x0000000653c00000| PB 0x0000000653c00000| Untracked |  0
| 336|0x0000000654000000, 0x0000000654000000, 0x0000000654400000|  0%| F|  |TAMS 0x0000000654000000| PB 0x0000000654000000| Untracked |  0
| 337|0x0000000654400000, 0x0000000654400000, 0x0000000654800000|  0%| F|  |TAMS 0x0000000654400000| PB 0x0000000654400000| Untracked |  0
| 338|0x0000000654800000, 0x0000000654800000, 0x0000000654c00000|  0%| F|  |TAMS 0x0000000654800000| PB 0x0000000654800000| Untracked |  0
| 339|0x0000000654c00000, 0x0000000654c00000, 0x0000000655000000|  0%| F|  |TAMS 0x0000000654c00000| PB 0x0000000654c00000| Untracked |  0
| 340|0x0000000655000000, 0x0000000655000000, 0x0000000655400000|  0%| F|  |TAMS 0x0000000655000000| PB 0x0000000655000000| Untracked |  0
| 341|0x0000000655400000, 0x0000000655400000, 0x0000000655800000|  0%| F|  |TAMS 0x0000000655400000| PB 0x0000000655400000| Untracked |  0
| 342|0x0000000655800000, 0x0000000655800000, 0x0000000655c00000|  0%| F|  |TAMS 0x0000000655800000| PB 0x0000000655800000| Untracked |  0
| 343|0x0000000655c00000, 0x0000000655c00000, 0x0000000656000000|  0%| F|  |TAMS 0x0000000655c00000| PB 0x0000000655c00000| Untracked |  0
| 344|0x0000000656000000, 0x0000000656000000, 0x0000000656400000|  0%| F|  |TAMS 0x0000000656000000| PB 0x0000000656000000| Untracked |  0
| 345|0x0000000656400000, 0x0000000656400000, 0x0000000656800000|  0%| F|  |TAMS 0x0000000656400000| PB 0x0000000656400000| Untracked |  0
| 346|0x0000000656800000, 0x0000000656800000, 0x0000000656c00000|  0%| F|  |TAMS 0x0000000656800000| PB 0x0000000656800000| Untracked |  0
| 347|0x0000000656c00000, 0x0000000656c00000, 0x0000000657000000|  0%| F|  |TAMS 0x0000000656c00000| PB 0x0000000656c00000| Untracked |  0
| 348|0x0000000657000000, 0x0000000657000000, 0x0000000657400000|  0%| F|  |TAMS 0x0000000657000000| PB 0x0000000657000000| Untracked |  0
| 349|0x0000000657400000, 0x0000000657400000, 0x0000000657800000|  0%| F|  |TAMS 0x0000000657400000| PB 0x0000000657400000| Untracked |  0
| 350|0x0000000657800000, 0x0000000657800000, 0x0000000657c00000|  0%| F|  |TAMS 0x0000000657800000| PB 0x0000000657800000| Untracked |  0
| 351|0x0000000657c00000, 0x0000000657c00000, 0x0000000658000000|  0%| F|  |TAMS 0x0000000657c00000| PB 0x0000000657c00000| Untracked |  0
| 352|0x0000000658000000, 0x0000000658000000, 0x0000000658400000|  0%| F|  |TAMS 0x0000000658000000| PB 0x0000000658000000| Untracked |  0
| 353|0x0000000658400000, 0x0000000658400000, 0x0000000658800000|  0%| F|  |TAMS 0x0000000658400000| PB 0x0000000658400000| Untracked |  0
| 354|0x0000000658800000, 0x0000000658800000, 0x0000000658c00000|  0%| F|  |TAMS 0x0000000658800000| PB 0x0000000658800000| Untracked |  0
| 355|0x0000000658c00000, 0x0000000658c00000, 0x0000000659000000|  0%| F|  |TAMS 0x0000000658c00000| PB 0x0000000658c00000| Untracked |  0
| 356|0x0000000659000000, 0x0000000659000000, 0x0000000659400000|  0%| F|  |TAMS 0x0000000659000000| PB 0x0000000659000000| Untracked |  0
| 357|0x0000000659400000, 0x0000000659400000, 0x0000000659800000|  0%| F|  |TAMS 0x0000000659400000| PB 0x0000000659400000| Untracked |  0
| 358|0x0000000659800000, 0x0000000659800000, 0x0000000659c00000|  0%| F|  |TAMS 0x0000000659800000| PB 0x0000000659800000| Untracked |  0
| 359|0x0000000659c00000, 0x0000000659c00000, 0x000000065a000000|  0%| F|  |TAMS 0x0000000659c00000| PB 0x0000000659c00000| Untracked |  0
| 360|0x000000065a000000, 0x000000065a000000, 0x000000065a400000|  0%| F|  |TAMS 0x000000065a000000| PB 0x000000065a000000| Untracked |  0
| 361|0x000000065a400000, 0x000000065a400000, 0x000000065a800000|  0%| F|  |TAMS 0x000000065a400000| PB 0x000000065a400000| Untracked |  0
| 362|0x000000065a800000, 0x000000065a800000, 0x000000065ac00000|  0%| F|  |TAMS 0x000000065a800000| PB 0x000000065a800000| Untracked |  0
| 363|0x000000065ac00000, 0x000000065ac00000, 0x000000065b000000|  0%| F|  |TAMS 0x000000065ac00000| PB 0x000000065ac00000| Untracked |  0
| 364|0x000000065b000000, 0x000000065b000000, 0x000000065b400000|  0%| F|  |TAMS 0x000000065b000000| PB 0x000000065b000000| Untracked |  0
| 365|0x000000065b400000, 0x000000065b400000, 0x000000065b800000|  0%| F|  |TAMS 0x000000065b400000| PB 0x000000065b400000| Untracked |  0
| 366|0x000000065b800000, 0x000000065b800000, 0x000000065bc00000|  0%| F|  |TAMS 0x000000065b800000| PB 0x000000065b800000| Untracked |  0
| 367|0x000000065bc00000, 0x000000065bc00000, 0x000000065c000000|  0%| F|  |TAMS 0x000000065bc00000| PB 0x000000065bc00000| Untracked |  0
| 368|0x000000065c000000, 0x000000065c000000, 0x000000065c400000|  0%| F|  |TAMS 0x000000065c000000| PB 0x000000065c000000| Untracked |  0
| 369|0x000000065c400000, 0x000000065c400000, 0x000000065c800000|  0%| F|  |TAMS 0x000000065c400000| PB 0x000000065c400000| Untracked |  0
| 370|0x000000065c800000, 0x000000065c800000, 0x000000065cc00000|  0%| F|  |TAMS 0x000000065c800000| PB 0x000000065c800000| Untracked |  0
| 371|0x000000065cc00000, 0x000000065cc00000, 0x000000065d000000|  0%| F|  |TAMS 0x000000065cc00000| PB 0x000000065cc00000| Untracked |  0
| 372|0x000000065d000000, 0x000000065d000000, 0x000000065d400000|  0%| F|  |TAMS 0x000000065d000000| PB 0x000000065d000000| Untracked |  0
| 373|0x000000065d400000, 0x000000065d400000, 0x000000065d800000|  0%| F|  |TAMS 0x000000065d400000| PB 0x000000065d400000| Untracked |  0
| 374|0x000000065d800000, 0x000000065d800000, 0x000000065dc00000|  0%| F|  |TAMS 0x000000065d800000| PB 0x000000065d800000| Untracked |  0
| 375|0x000000065dc00000, 0x000000065dc00000, 0x000000065e000000|  0%| F|  |TAMS 0x000000065dc00000| PB 0x000000065dc00000| Untracked |  0
| 376|0x000000065e000000, 0x000000065e000000, 0x000000065e400000|  0%| F|  |TAMS 0x000000065e000000| PB 0x000000065e000000| Untracked |  0
| 377|0x000000065e400000, 0x000000065e400000, 0x000000065e800000|  0%| F|  |TAMS 0x000000065e400000| PB 0x000000065e400000| Untracked |  0
| 378|0x000000065e800000, 0x000000065e800000, 0x000000065ec00000|  0%| F|  |TAMS 0x000000065e800000| PB 0x000000065e800000| Untracked |  0
| 379|0x000000065ec00000, 0x000000065ec00000, 0x000000065f000000|  0%| F|  |TAMS 0x000000065ec00000| PB 0x000000065ec00000| Untracked |  0
| 380|0x000000065f000000, 0x000000065f000000, 0x000000065f400000|  0%| F|  |TAMS 0x000000065f000000| PB 0x000000065f000000| Untracked |  0
| 381|0x000000065f400000, 0x000000065f400000, 0x000000065f800000|  0%| F|  |TAMS 0x000000065f400000| PB 0x000000065f400000| Untracked |  0
| 382|0x000000065f800000, 0x000000065f800000, 0x000000065fc00000|  0%| F|  |TAMS 0x000000065f800000| PB 0x000000065f800000| Untracked |  0
| 383|0x000000065fc00000, 0x000000065fc00000, 0x0000000660000000|  0%| F|  |TAMS 0x000000065fc00000| PB 0x000000065fc00000| Untracked |  0
| 384|0x0000000660000000, 0x0000000660000000, 0x0000000660400000|  0%| F|  |TAMS 0x0000000660000000| PB 0x0000000660000000| Untracked |  0
| 385|0x0000000660400000, 0x0000000660400000, 0x0000000660800000|  0%| F|  |TAMS 0x0000000660400000| PB 0x0000000660400000| Untracked |  0
| 386|0x0000000660800000, 0x0000000660800000, 0x0000000660c00000|  0%| F|  |TAMS 0x0000000660800000| PB 0x0000000660800000| Untracked |  0
| 387|0x0000000660c00000, 0x0000000660c00000, 0x0000000661000000|  0%| F|  |TAMS 0x0000000660c00000| PB 0x0000000660c00000| Untracked |  0
| 388|0x0000000661000000, 0x0000000661000000, 0x0000000661400000|  0%| F|  |TAMS 0x0000000661000000| PB 0x0000000661000000| Untracked |  0
| 389|0x0000000661400000, 0x0000000661400000, 0x0000000661800000|  0%| F|  |TAMS 0x0000000661400000| PB 0x0000000661400000| Untracked |  0
| 390|0x0000000661800000, 0x0000000661800000, 0x0000000661c00000|  0%| F|  |TAMS 0x0000000661800000| PB 0x0000000661800000| Untracked |  0
| 391|0x0000000661c00000, 0x0000000661c00000, 0x0000000662000000|  0%| F|  |TAMS 0x0000000661c00000| PB 0x0000000661c00000| Untracked |  0
| 392|0x0000000662000000, 0x0000000662000000, 0x0000000662400000|  0%| F|  |TAMS 0x0000000662000000| PB 0x0000000662000000| Untracked |  0
| 393|0x0000000662400000, 0x0000000662400000, 0x0000000662800000|  0%| F|  |TAMS 0x0000000662400000| PB 0x0000000662400000| Untracked |  0
| 394|0x0000000662800000, 0x0000000662800000, 0x0000000662c00000|  0%| F|  |TAMS 0x0000000662800000| PB 0x0000000662800000| Untracked |  0
| 395|0x0000000662c00000, 0x0000000662c00000, 0x0000000663000000|  0%| F|  |TAMS 0x0000000662c00000| PB 0x0000000662c00000| Untracked |  0
| 396|0x0000000663000000, 0x0000000663000000, 0x0000000663400000|  0%| F|  |TAMS 0x0000000663000000| PB 0x0000000663000000| Untracked |  0
| 397|0x0000000663400000, 0x0000000663400000, 0x0000000663800000|  0%| F|  |TAMS 0x0000000663400000| PB 0x0000000663400000| Untracked |  0
| 398|0x0000000663800000, 0x0000000663800000, 0x0000000663c00000|  0%| F|  |TAMS 0x0000000663800000| PB 0x0000000663800000| Untracked |  0
| 399|0x0000000663c00000, 0x0000000663c00000, 0x0000000664000000|  0%| F|  |TAMS 0x0000000663c00000| PB 0x0000000663c00000| Untracked |  0
| 400|0x0000000664000000, 0x0000000664000000, 0x0000000664400000|  0%| F|  |TAMS 0x0000000664000000| PB 0x0000000664000000| Untracked |  0
| 401|0x0000000664400000, 0x0000000664400000, 0x0000000664800000|  0%| F|  |TAMS 0x0000000664400000| PB 0x0000000664400000| Untracked |  0
| 402|0x0000000664800000, 0x0000000664800000, 0x0000000664c00000|  0%| F|  |TAMS 0x0000000664800000| PB 0x0000000664800000| Untracked |  0
| 403|0x0000000664c00000, 0x0000000664c00000, 0x0000000665000000|  0%| F|  |TAMS 0x0000000664c00000| PB 0x0000000664c00000| Untracked |  0
| 404|0x0000000665000000, 0x0000000665000000, 0x0000000665400000|  0%| F|  |TAMS 0x0000000665000000| PB 0x0000000665000000| Untracked |  0
| 405|0x0000000665400000, 0x0000000665400000, 0x0000000665800000|  0%| F|  |TAMS 0x0000000665400000| PB 0x0000000665400000| Untracked |  0
| 406|0x0000000665800000, 0x0000000665800000, 0x0000000665c00000|  0%| F|  |TAMS 0x0000000665800000| PB 0x0000000665800000| Untracked |  0
| 407|0x0000000665c00000, 0x0000000665c00000, 0x0000000666000000|  0%| F|  |TAMS 0x0000000665c00000| PB 0x0000000665c00000| Untracked |  0
| 408|0x0000000666000000, 0x0000000666000000, 0x0000000666400000|  0%| F|  |TAMS 0x0000000666000000| PB 0x0000000666000000| Untracked |  0
| 409|0x0000000666400000, 0x0000000666400000, 0x0000000666800000|  0%| F|  |TAMS 0x0000000666400000| PB 0x0000000666400000| Untracked |  0
| 410|0x0000000666800000, 0x0000000666800000, 0x0000000666c00000|  0%| F|  |TAMS 0x0000000666800000| PB 0x0000000666800000| Untracked |  0
| 411|0x0000000666c00000, 0x0000000666c00000, 0x0000000667000000|  0%| F|  |TAMS 0x0000000666c00000| PB 0x0000000666c00000| Untracked |  0
| 412|0x0000000667000000, 0x0000000667000000, 0x0000000667400000|  0%| F|  |TAMS 0x0000000667000000| PB 0x0000000667000000| Untracked |  0
| 413|0x0000000667400000, 0x0000000667400000, 0x0000000667800000|  0%| F|  |TAMS 0x0000000667400000| PB 0x0000000667400000| Untracked |  0
| 414|0x0000000667800000, 0x0000000667800000, 0x0000000667c00000|  0%| F|  |TAMS 0x0000000667800000| PB 0x0000000667800000| Untracked |  0
| 415|0x0000000667c00000, 0x0000000667c00000, 0x0000000668000000|  0%| F|  |TAMS 0x0000000667c00000| PB 0x0000000667c00000| Untracked |  0
| 416|0x0000000668000000, 0x0000000668000000, 0x0000000668400000|  0%| F|  |TAMS 0x0000000668000000| PB 0x0000000668000000| Untracked |  0
| 417|0x0000000668400000, 0x0000000668400000, 0x0000000668800000|  0%| F|  |TAMS 0x0000000668400000| PB 0x0000000668400000| Untracked |  0
| 418|0x0000000668800000, 0x0000000668800000, 0x0000000668c00000|  0%| F|  |TAMS 0x0000000668800000| PB 0x0000000668800000| Untracked |  0
| 419|0x0000000668c00000, 0x0000000668c00000, 0x0000000669000000|  0%| F|  |TAMS 0x0000000668c00000| PB 0x0000000668c00000| Untracked |  0
| 420|0x0000000669000000, 0x0000000669000000, 0x0000000669400000|  0%| F|  |TAMS 0x0000000669000000| PB 0x0000000669000000| Untracked |  0
| 421|0x0000000669400000, 0x0000000669400000, 0x0000000669800000|  0%| F|  |TAMS 0x0000000669400000| PB 0x0000000669400000| Untracked |  0
| 422|0x0000000669800000, 0x0000000669800000, 0x0000000669c00000|  0%| F|  |TAMS 0x0000000669800000| PB 0x0000000669800000| Untracked |  0
| 423|0x0000000669c00000, 0x0000000669c00000, 0x000000066a000000|  0%| F|  |TAMS 0x0000000669c00000| PB 0x0000000669c00000| Untracked |  0
| 424|0x000000066a000000, 0x000000066a000000, 0x000000066a400000|  0%| F|  |TAMS 0x000000066a000000| PB 0x000000066a000000| Untracked |  0
| 425|0x000000066a400000, 0x000000066a400000, 0x000000066a800000|  0%| F|  |TAMS 0x000000066a400000| PB 0x000000066a400000| Untracked |  0
| 426|0x000000066a800000, 0x000000066a800000, 0x000000066ac00000|  0%| F|  |TAMS 0x000000066a800000| PB 0x000000066a800000| Untracked |  0
| 427|0x000000066ac00000, 0x000000066ac00000, 0x000000066b000000|  0%| F|  |TAMS 0x000000066ac00000| PB 0x000000066ac00000| Untracked |  0
| 428|0x000000066b000000, 0x000000066b000000, 0x000000066b400000|  0%| F|  |TAMS 0x000000066b000000| PB 0x000000066b000000| Untracked |  0
| 429|0x000000066b400000, 0x000000066b400000, 0x000000066b800000|  0%| F|  |TAMS 0x000000066b400000| PB 0x000000066b400000| Untracked |  0
| 430|0x000000066b800000, 0x000000066b800000, 0x000000066bc00000|  0%| F|  |TAMS 0x000000066b800000| PB 0x000000066b800000| Untracked |  0
| 431|0x000000066bc00000, 0x000000066bc00000, 0x000000066c000000|  0%| F|  |TAMS 0x000000066bc00000| PB 0x000000066bc00000| Untracked |  0
| 432|0x000000066c000000, 0x000000066c000000, 0x000000066c400000|  0%| F|  |TAMS 0x000000066c000000| PB 0x000000066c000000| Untracked |  0
| 433|0x000000066c400000, 0x000000066c400000, 0x000000066c800000|  0%| F|  |TAMS 0x000000066c400000| PB 0x000000066c400000| Untracked |  0
| 434|0x000000066c800000, 0x000000066c800000, 0x000000066cc00000|  0%| F|  |TAMS 0x000000066c800000| PB 0x000000066c800000| Untracked |  0
| 435|0x000000066cc00000, 0x000000066cc00000, 0x000000066d000000|  0%| F|  |TAMS 0x000000066cc00000| PB 0x000000066cc00000| Untracked |  0
| 436|0x000000066d000000, 0x000000066d000000, 0x000000066d400000|  0%| F|  |TAMS 0x000000066d000000| PB 0x000000066d000000| Untracked |  0
| 437|0x000000066d400000, 0x000000066d400000, 0x000000066d800000|  0%| F|  |TAMS 0x000000066d400000| PB 0x000000066d400000| Untracked |  0
| 438|0x000000066d800000, 0x000000066d800000, 0x000000066dc00000|  0%| F|  |TAMS 0x000000066d800000| PB 0x000000066d800000| Untracked |  0
| 439|0x000000066dc00000, 0x000000066dc00000, 0x000000066e000000|  0%| F|  |TAMS 0x000000066dc00000| PB 0x000000066dc00000| Untracked |  0
| 440|0x000000066e000000, 0x000000066e000000, 0x000000066e400000|  0%| F|  |TAMS 0x000000066e000000| PB 0x000000066e000000| Untracked |  0
| 441|0x000000066e400000, 0x000000066e400000, 0x000000066e800000|  0%| F|  |TAMS 0x000000066e400000| PB 0x000000066e400000| Untracked |  0
| 442|0x000000066e800000, 0x000000066e800000, 0x000000066ec00000|  0%| F|  |TAMS 0x000000066e800000| PB 0x000000066e800000| Untracked |  0
| 443|0x000000066ec00000, 0x000000066ec00000, 0x000000066f000000|  0%| F|  |TAMS 0x000000066ec00000| PB 0x000000066ec00000| Untracked |  0
| 444|0x000000066f000000, 0x000000066f000000, 0x000000066f400000|  0%| F|  |TAMS 0x000000066f000000| PB 0x000000066f000000| Untracked |  0
| 445|0x000000066f400000, 0x000000066f400000, 0x000000066f800000|  0%| F|  |TAMS 0x000000066f400000| PB 0x000000066f400000| Untracked |  0
| 446|0x000000066f800000, 0x000000066f800000, 0x000000066fc00000|  0%| F|  |TAMS 0x000000066f800000| PB 0x000000066f800000| Untracked |  0
| 447|0x000000066fc00000, 0x000000066fc00000, 0x0000000670000000|  0%| F|  |TAMS 0x000000066fc00000| PB 0x000000066fc00000| Untracked |  0
| 448|0x0000000670000000, 0x0000000670000000, 0x0000000670400000|  0%| F|  |TAMS 0x0000000670000000| PB 0x0000000670000000| Untracked |  0
| 449|0x0000000670400000, 0x0000000670400000, 0x0000000670800000|  0%| F|  |TAMS 0x0000000670400000| PB 0x0000000670400000| Untracked |  0
| 450|0x0000000670800000, 0x0000000670800000, 0x0000000670c00000|  0%| F|  |TAMS 0x0000000670800000| PB 0x0000000670800000| Untracked |  0
| 451|0x0000000670c00000, 0x0000000670c00000, 0x0000000671000000|  0%| F|  |TAMS 0x0000000670c00000| PB 0x0000000670c00000| Untracked |  0
| 452|0x0000000671000000, 0x0000000671000000, 0x0000000671400000|  0%| F|  |TAMS 0x0000000671000000| PB 0x0000000671000000| Untracked |  0
| 453|0x0000000671400000, 0x0000000671400000, 0x0000000671800000|  0%| F|  |TAMS 0x0000000671400000| PB 0x0000000671400000| Untracked |  0
| 454|0x0000000671800000, 0x0000000671800000, 0x0000000671c00000|  0%| F|  |TAMS 0x0000000671800000| PB 0x0000000671800000| Untracked |  0
| 455|0x0000000671c00000, 0x0000000671c00000, 0x0000000672000000|  0%| F|  |TAMS 0x0000000671c00000| PB 0x0000000671c00000| Untracked |  0
| 456|0x0000000672000000, 0x0000000672000000, 0x0000000672400000|  0%| F|  |TAMS 0x0000000672000000| PB 0x0000000672000000| Untracked |  0
| 457|0x0000000672400000, 0x0000000672400000, 0x0000000672800000|  0%| F|  |TAMS 0x0000000672400000| PB 0x0000000672400000| Untracked |  0
| 458|0x0000000672800000, 0x0000000672800000, 0x0000000672c00000|  0%| F|  |TAMS 0x0000000672800000| PB 0x0000000672800000| Untracked |  0
| 459|0x0000000672c00000, 0x0000000672c00000, 0x0000000673000000|  0%| F|  |TAMS 0x0000000672c00000| PB 0x0000000672c00000| Untracked |  0
| 460|0x0000000673000000, 0x0000000673000000, 0x0000000673400000|  0%| F|  |TAMS 0x0000000673000000| PB 0x0000000673000000| Untracked |  0
| 461|0x0000000673400000, 0x0000000673400000, 0x0000000673800000|  0%| F|  |TAMS 0x0000000673400000| PB 0x0000000673400000| Untracked |  0
| 462|0x0000000673800000, 0x0000000673800000, 0x0000000673c00000|  0%| F|  |TAMS 0x0000000673800000| PB 0x0000000673800000| Untracked |  0
| 463|0x0000000673c00000, 0x0000000673c00000, 0x0000000674000000|  0%| F|  |TAMS 0x0000000673c00000| PB 0x0000000673c00000| Untracked |  0
| 464|0x0000000674000000, 0x0000000674000000, 0x0000000674400000|  0%| F|  |TAMS 0x0000000674000000| PB 0x0000000674000000| Untracked |  0
| 465|0x0000000674400000, 0x0000000674400000, 0x0000000674800000|  0%| F|  |TAMS 0x0000000674400000| PB 0x0000000674400000| Untracked |  0
| 466|0x0000000674800000, 0x0000000674800000, 0x0000000674c00000|  0%| F|  |TAMS 0x0000000674800000| PB 0x0000000674800000| Untracked |  0
| 467|0x0000000674c00000, 0x0000000674c00000, 0x0000000675000000|  0%| F|  |TAMS 0x0000000674c00000| PB 0x0000000674c00000| Untracked |  0
| 468|0x0000000675000000, 0x0000000675000000, 0x0000000675400000|  0%| F|  |TAMS 0x0000000675000000| PB 0x0000000675000000| Untracked |  0
| 469|0x0000000675400000, 0x0000000675400000, 0x0000000675800000|  0%| F|  |TAMS 0x0000000675400000| PB 0x0000000675400000| Untracked |  0
| 470|0x0000000675800000, 0x0000000675800000, 0x0000000675c00000|  0%| F|  |TAMS 0x0000000675800000| PB 0x0000000675800000| Untracked |  0
| 471|0x0000000675c00000, 0x0000000675c00000, 0x0000000676000000|  0%| F|  |TAMS 0x0000000675c00000| PB 0x0000000675c00000| Untracked |  0
| 472|0x0000000676000000, 0x0000000676000000, 0x0000000676400000|  0%| F|  |TAMS 0x0000000676000000| PB 0x0000000676000000| Untracked |  0
| 473|0x0000000676400000, 0x0000000676400000, 0x0000000676800000|  0%| F|  |TAMS 0x0000000676400000| PB 0x0000000676400000| Untracked |  0
| 474|0x0000000676800000, 0x0000000676800000, 0x0000000676c00000|  0%| F|  |TAMS 0x0000000676800000| PB 0x0000000676800000| Untracked |  0
| 475|0x0000000676c00000, 0x0000000676c00000, 0x0000000677000000|  0%| F|  |TAMS 0x0000000676c00000| PB 0x0000000676c00000| Untracked |  0
| 476|0x0000000677000000, 0x0000000677000000, 0x0000000677400000|  0%| F|  |TAMS 0x0000000677000000| PB 0x0000000677000000| Untracked |  0
| 477|0x0000000677400000, 0x0000000677400000, 0x0000000677800000|  0%| F|  |TAMS 0x0000000677400000| PB 0x0000000677400000| Untracked |  0
| 478|0x0000000677800000, 0x0000000677800000, 0x0000000677c00000|  0%| F|  |TAMS 0x0000000677800000| PB 0x0000000677800000| Untracked |  0
| 479|0x0000000677c00000, 0x0000000677c00000, 0x0000000678000000|  0%| F|  |TAMS 0x0000000677c00000| PB 0x0000000677c00000| Untracked |  0
| 480|0x0000000678000000, 0x0000000678400000, 0x0000000678400000|100%| S|CS|TAMS 0x0000000678000000| PB 0x0000000678000000| Complete |  0
| 481|0x0000000678400000, 0x0000000678800000, 0x0000000678800000|100%| S|CS|TAMS 0x0000000678400000| PB 0x0000000678400000| Complete |  0
| 482|0x0000000678800000, 0x0000000678800000, 0x0000000678c00000|  0%| F|  |TAMS 0x0000000678800000| PB 0x0000000678800000| Untracked |  0
| 483|0x0000000678c00000, 0x0000000678c00000, 0x0000000679000000|  0%| F|  |TAMS 0x0000000678c00000| PB 0x0000000678c00000| Untracked |  0
| 484|0x0000000679000000, 0x0000000679400000, 0x0000000679400000|100%| S|CS|TAMS 0x0000000679000000| PB 0x0000000679000000| Complete |  0
| 485|0x0000000679400000, 0x0000000679800000, 0x0000000679800000|100%| S|CS|TAMS 0x0000000679400000| PB 0x0000000679400000| Complete |  0
| 486|0x0000000679800000, 0x0000000679800000, 0x0000000679c00000|  0%| F|  |TAMS 0x0000000679800000| PB 0x0000000679800000| Untracked |  0
| 487|0x0000000679c00000, 0x0000000679c00000, 0x000000067a000000|  0%| F|  |TAMS 0x0000000679c00000| PB 0x0000000679c00000| Untracked |  0
| 488|0x000000067a000000, 0x000000067a000000, 0x000000067a400000|  0%| F|  |TAMS 0x000000067a000000| PB 0x000000067a000000| Untracked |  0
| 489|0x000000067a400000, 0x000000067a400000, 0x000000067a800000|  0%| F|  |TAMS 0x000000067a400000| PB 0x000000067a400000| Untracked |  0
| 490|0x000000067a800000, 0x000000067a800000, 0x000000067ac00000|  0%| F|  |TAMS 0x000000067a800000| PB 0x000000067a800000| Untracked |  0
| 491|0x000000067ac00000, 0x000000067ac00000, 0x000000067b000000|  0%| F|  |TAMS 0x000000067ac00000| PB 0x000000067ac00000| Untracked |  0
| 492|0x000000067b000000, 0x000000067b000000, 0x000000067b400000|  0%| F|  |TAMS 0x000000067b000000| PB 0x000000067b000000| Untracked |  0
| 493|0x000000067b400000, 0x000000067b400000, 0x000000067b800000|  0%| F|  |TAMS 0x000000067b400000| PB 0x000000067b400000| Untracked |  0
| 494|0x000000067b800000, 0x000000067b800000, 0x000000067bc00000|  0%| F|  |TAMS 0x000000067b800000| PB 0x000000067b800000| Untracked |  0
| 495|0x000000067bc00000, 0x000000067bc00000, 0x000000067c000000|  0%| F|  |TAMS 0x000000067bc00000| PB 0x000000067bc00000| Untracked |  0
| 496|0x000000067c000000, 0x000000067c000000, 0x000000067c400000|  0%| F|  |TAMS 0x000000067c000000| PB 0x000000067c000000| Untracked |  0
| 497|0x000000067c400000, 0x000000067c400000, 0x000000067c800000|  0%| F|  |TAMS 0x000000067c400000| PB 0x000000067c400000| Untracked |  0
| 498|0x000000067c800000, 0x000000067c800000, 0x000000067cc00000|  0%| F|  |TAMS 0x000000067c800000| PB 0x000000067c800000| Untracked |  0
| 499|0x000000067cc00000, 0x000000067cc00000, 0x000000067d000000|  0%| F|  |TAMS 0x000000067cc00000| PB 0x000000067cc00000| Untracked |  0
| 500|0x000000067d000000, 0x000000067d000000, 0x000000067d400000|  0%| F|  |TAMS 0x000000067d000000| PB 0x000000067d000000| Untracked |  0
| 501|0x000000067d400000, 0x000000067d400000, 0x000000067d800000|  0%| F|  |TAMS 0x000000067d400000| PB 0x000000067d400000| Untracked |  0
| 502|0x000000067d800000, 0x000000067d800000, 0x000000067dc00000|  0%| F|  |TAMS 0x000000067d800000| PB 0x000000067d800000| Untracked |  0
| 503|0x000000067dc00000, 0x000000067dc00000, 0x000000067e000000|  0%| F|  |TAMS 0x000000067dc00000| PB 0x000000067dc00000| Untracked |  0
| 504|0x000000067e000000, 0x000000067e000000, 0x000000067e400000|  0%| F|  |TAMS 0x000000067e000000| PB 0x000000067e000000| Untracked |  0
| 505|0x000000067e400000, 0x000000067e400000, 0x000000067e800000|  0%| F|  |TAMS 0x000000067e400000| PB 0x000000067e400000| Untracked |  0
| 506|0x000000067e800000, 0x000000067e800000, 0x000000067ec00000|  0%| F|  |TAMS 0x000000067e800000| PB 0x000000067e800000| Untracked |  0
| 507|0x000000067ec00000, 0x000000067ec00000, 0x000000067f000000|  0%| F|  |TAMS 0x000000067ec00000| PB 0x000000067ec00000| Untracked |  0
|2046|0x00000007ff800000, 0x00000007ff800000, 0x00000007ffc00000|  0%| F|  |TAMS 0x00000007ff800000| PB 0x00000007ff800000| Untracked |  0
|2047|0x00000007ffc00000, 0x0000000800000000, 0x0000000800000000|100%| O|  |TAMS 0x00000007ffc00000| PB 0x00000007ffc00000| Untracked |  0

Card table byte_map: [0x000001a4db960000,0x000001a4dc960000] _byte_map_base: 0x000001a4d8960000

Marking Bits: (CMBitMap*) 0x000001a4b216b780
 Bits: [0x000001a4dc960000, 0x000001a4e4960000)

Polling page: 0x000001a4b0230000

Metaspace:

Usage:
  Non-class:    158.79 MB used.
      Class:     23.98 MB used.
       Both:    182.77 MB used.

Virtual space:
  Non-class space:      192.00 MB reserved,     160.44 MB ( 84%) committed,  3 nodes.
      Class space:        1.00 GB reserved,      25.50 MB (  2%) committed,  1 nodes.
             Both:        1.19 GB reserved,     185.94 MB ( 15%) committed. 

Chunk freelists:
   Non-Class:  14.83 MB
       Class:  6.45 MB
        Both:  21.28 MB

MaxMetaspaceSize: 4.00 GB
CompressedClassSpaceSize: 1.00 GB
Initial GC threshold: 21.00 MB
Current GC threshold: 307.31 MB
CDS: on
 - commit_granule_bytes: 65536.
 - commit_granule_words: 8192.
 - virtual_space_node_default_size: 8388608.
 - enlarge_chunks_in_place: 1.
 - use_allocation_guard: 0.


Internal statistics:

num_allocs_failed_limit: 15.
num_arena_births: 5514.
num_arena_deaths: 0.
num_vsnodes_births: 4.
num_vsnodes_deaths: 0.
num_space_committed: 2974.
num_space_uncommitted: 0.
num_chunks_returned_to_freelist: 15.
num_chunks_taken_from_freelist: 13224.
num_chunk_merges: 15.
num_chunk_splits: 9220.
num_chunks_enlarged: 6478.
num_inconsistent_stats: 0.

CodeHeap 'non-profiled nmethods': size=259264Kb used=18372Kb max_used=18372Kb free=240891Kb
 bounds [0x000001a4ca6e0000, 0x000001a4cb8e0000, 0x000001a4da410000]
CodeHeap 'profiled nmethods': size=259264Kb used=55255Kb max_used=55255Kb free=204008Kb
 bounds [0x000001a4ba410000, 0x000001a4bda20000, 0x000001a4ca140000]
CodeHeap 'non-nmethods': size=5760Kb used=3350Kb max_used=3446Kb free=2409Kb
 bounds [0x000001a4ca140000, 0x000001a4ca4d0000, 0x000001a4ca6e0000]
 total_blobs=24977 nmethods=23656 adapters=1222
 compilation: enabled
              stopped_count=0, restarted_count=0
 full_count=0

Compilation events (20 events):
Event: 519.456 Thread 0x000001a4e4b49100 nmethod 28913 0x000001a4ba90b310 code [0x000001a4ba90b4c0, 0x000001a4ba90b608]
Event: 519.456 Thread 0x000001a4e4b49100 28911       3       org.gradle.api.internal.project.DefaultProject::file (11 bytes)
Event: 519.458 Thread 0x000001a4e4b49100 nmethod 28911 0x000001a4bda11d10 code [0x000001a4bda11f80, 0x000001a4bda12ca0]
Event: 519.492 Thread 0x000001a532451b40 nmethod 28927 0x000001a4cb8cb890 code [0x000001a4cb8cbb60, 0x000001a4cb8cccc8]
Event: 519.492 Thread 0x000001a532451b40 28918       4       org.gradle.internal.service.DefaultServiceRegistry::serviceRequested (42 bytes)
Event: 519.494 Thread 0x000001a532451b40 nmethod 28918 0x000001a4cb8cdd10 code [0x000001a4cb8cdea0, 0x000001a4cb8ce080]
Event: 519.494 Thread 0x000001a532451b40 28919   !   4       com.google.common.cache.LocalCache$Segment::get (122 bytes)
Event: 519.514 Thread 0x000001a4e4b49100 28928       3       org.jetbrains.kotlin.com.intellij.util.containers.RefHashMap::keysEqual (30 bytes)
Event: 519.514 Thread 0x000001a4e4b49100 nmethod 28928 0x000001a4bda13110 code [0x000001a4bda132c0, 0x000001a4bda13588]
Event: 519.515 Thread 0x000001a4e4b49100 28929       3       org.jetbrains.kotlin.com.intellij.openapi.extensions.impl.ExtensionPointImpl::<init> (104 bytes)
Event: 519.515 Thread 0x000001a532451b40 nmethod 28919 0x000001a4cb8ce190 code [0x000001a4cb8ce440, 0x000001a4cb8cf148]
Event: 519.516 Thread 0x000001a4e4b49100 nmethod 28929 0x000001a4bda13690 code [0x000001a4bda138c0, 0x000001a4bda14100]
Event: 519.516 Thread 0x000001a4e4b49100 28930       3       org.jetbrains.kotlin.com.intellij.openapi.extensions.ExtensionPointListener$Companion::emptyArray (4 bytes)
Event: 519.516 Thread 0x000001a532451b40 28917       4       org.gradle.api.internal.DefaultNamedDomainObjectCollection::hasWithName (32 bytes)
Event: 519.516 Thread 0x000001a4e4b49100 nmethod 28930 0x000001a4ba918590 code [0x000001a4ba918720, 0x000001a4ba918838]
Event: 519.516 Thread 0x000001a4e4b49100 28931       3       org.jetbrains.kotlin.com.intellij.openapi.extensions.DefaultPluginDescriptor::<init> (23 bytes)
Event: 519.516 Thread 0x000001a4e4b49100 nmethod 28931 0x000001a4bda14310 code [0x000001a4bda144c0, 0x000001a4bda14738]
Event: 519.516 Thread 0x000001a4e4b49100 28932       3       org.jetbrains.kotlin.com.intellij.openapi.extensions.impl.ExtensionsAreaImpl::doRegisterExtensionPoint (130 bytes)
Event: 519.529 Thread 0x000001a532451b40 nmethod 28917 0x000001a4cb8cff90 code [0x000001a4cb8d01e0, 0x000001a4cb8d0c50]
Event: 519.529 Thread 0x000001a532451b40 28941       4       java.util.regex.Pattern::sequence (647 bytes)

GC Heap History (20 events):
Event: 385.066 GC heap after
{Heap after GC invocations=76 (full 0):
 garbage-first heap   total reserved 8388608K, committed 696320K, used 237615K [0x0000000600000000, 0x0000000800000000)
  region size 4096K, 10 young (40960K), 10 survivors (40960K)
 Metaspace       used 185577K, committed 188800K, reserved 1245184K
  class space    used 24449K, committed 25984K, reserved 1048576K
}
Event: 436.088 GC heap before
{Heap before GC invocations=77 (full 0):
 garbage-first heap   total reserved 8388608K, committed 696320K, used 249903K [0x0000000600000000, 0x0000000800000000)
  region size 4096K, 11 young (45056K), 10 survivors (40960K)
 Metaspace       used 185587K, committed 188800K, reserved 1245184K
  class space    used 24449K, committed 25984K, reserved 1048576K
}
Event: 436.965 GC heap after
{Heap after GC invocations=78 (full 0):
 garbage-first heap   total reserved 8388608K, committed 696320K, used 245197K [0x0000000600000000, 0x0000000800000000)
  region size 4096K, 2 young (8192K), 2 survivors (8192K)
 Metaspace       used 185587K, committed 188800K, reserved 1245184K
  class space    used 24449K, committed 25984K, reserved 1048576K
}
Event: 437.310 GC heap before
{Heap before GC invocations=78 (full 0):
 garbage-first heap   total reserved 8388608K, committed 696320K, used 277965K [0x0000000600000000, 0x0000000800000000)
  region size 4096K, 10 young (40960K), 2 survivors (8192K)
 Metaspace       used 185604K, committed 188800K, reserved 1245184K
  class space    used 24449K, committed 25984K, reserved 1048576K
}
Event: 437.821 GC heap after
{Heap after GC invocations=79 (full 0):
 garbage-first heap   total reserved 8388608K, committed 696320K, used 244423K [0x0000000600000000, 0x0000000800000000)
  region size 4096K, 1 young (4096K), 1 survivors (4096K)
 Metaspace       used 185604K, committed 188800K, reserved 1245184K
  class space    used 24449K, committed 25984K, reserved 1048576K
}
Event: 438.593 GC heap before
{Heap before GC invocations=79 (full 0):
 garbage-first heap   total reserved 8388608K, committed 696320K, used 273095K [0x0000000600000000, 0x0000000800000000)
  region size 4096K, 8 young (32768K), 1 survivors (4096K)
 Metaspace       used 185611K, committed 188800K, reserved 1245184K
  class space    used 24449K, committed 25984K, reserved 1048576K
}
Event: 438.613 GC heap after
{Heap after GC invocations=80 (full 0):
 garbage-first heap   total reserved 8388608K, committed 696320K, used 246020K [0x0000000600000000, 0x0000000800000000)
  region size 4096K, 1 young (4096K), 1 survivors (4096K)
 Metaspace       used 185611K, committed 188800K, reserved 1245184K
  class space    used 24449K, committed 25984K, reserved 1048576K
}
Event: 439.806 GC heap before
{Heap before GC invocations=80 (full 0):
 garbage-first heap   total reserved 8388608K, committed 696320K, used 274692K [0x0000000600000000, 0x0000000800000000)
  region size 4096K, 8 young (32768K), 1 survivors (4096K)
 Metaspace       used 185641K, committed 188864K, reserved 1245184K
  class space    used 24449K, committed 25984K, reserved 1048576K
}
Event: 440.291 GC heap after
{Heap after GC invocations=81 (full 0):
 garbage-first heap   total reserved 8388608K, committed 2088960K, used 248188K [0x0000000600000000, 0x0000000800000000)
  region size 4096K, 1 young (4096K), 1 survivors (4096K)
 Metaspace       used 185641K, committed 188864K, reserved 1245184K
  class space    used 24449K, committed 25984K, reserved 1048576K
}
Event: 470.564 GC heap before
{Heap before GC invocations=81 (full 0):
 garbage-first heap   total reserved 8388608K, committed 2088960K, used 342396K [0x0000000600000000, 0x0000000800000000)
  region size 4096K, 25 young (102400K), 1 survivors (4096K)
 Metaspace       used 186293K, committed 189504K, reserved 1245184K
  class space    used 24517K, committed 26048K, reserved 1048576K
}
Event: 472.148 GC heap after
{Heap after GC invocations=82 (full 0):
 garbage-first heap   total reserved 8388608K, committed 2088960K, used 260802K [0x0000000600000000, 0x0000000800000000)
  region size 4096K, 4 young (16384K), 4 survivors (16384K)
 Metaspace       used 186293K, committed 189504K, reserved 1245184K
  class space    used 24517K, committed 26048K, reserved 1048576K
}
Event: 490.410 GC heap before
{Heap before GC invocations=82 (full 0):
 garbage-first heap   total reserved 8388608K, committed 2088960K, used 346818K [0x0000000600000000, 0x0000000800000000)
  region size 4096K, 25 young (102400K), 4 survivors (16384K)
 Metaspace       used 186471K, committed 189760K, reserved 1245184K
  class space    used 24540K, committed 26112K, reserved 1048576K
}
Event: 492.779 GC heap after
{Heap after GC invocations=83 (full 0):
 garbage-first heap   total reserved 8388608K, committed 2088960K, used 268711K [0x0000000600000000, 0x0000000800000000)
  region size 4096K, 3 young (12288K), 3 survivors (12288K)
 Metaspace       used 186471K, committed 189760K, reserved 1245184K
  class space    used 24540K, committed 26112K, reserved 1048576K
}
Event: 494.490 GC heap before
{Heap before GC invocations=83 (full 0):
 garbage-first heap   total reserved 8388608K, committed 2088960K, used 358823K [0x0000000600000000, 0x0000000800000000)
  region size 4096K, 25 young (102400K), 3 survivors (12288K)
 Metaspace       used 186567K, committed 189824K, reserved 1245184K
  class space    used 24541K, committed 26112K, reserved 1048576K
}
Event: 494.510 GC heap after
{Heap after GC invocations=84 (full 0):
 garbage-first heap   total reserved 8388608K, committed 2088960K, used 271819K [0x0000000600000000, 0x0000000800000000)
  region size 4096K, 3 young (12288K), 3 survivors (12288K)
 Metaspace       used 186567K, committed 189824K, reserved 1245184K
  class space    used 24541K, committed 26112K, reserved 1048576K
}
Event: 503.545 GC heap before
{Heap before GC invocations=84 (full 0):
 garbage-first heap   total reserved 8388608K, committed 2088960K, used 366027K [0x0000000600000000, 0x0000000800000000)
  region size 4096K, 25 young (102400K), 3 survivors (12288K)
 Metaspace       used 186570K, committed 189824K, reserved 1245184K
  class space    used 24541K, committed 26112K, reserved 1048576K
}
Event: 503.748 GC heap after
{Heap after GC invocations=85 (full 0):
 garbage-first heap   total reserved 8388608K, committed 2088960K, used 281924K [0x0000000600000000, 0x0000000800000000)
  region size 4096K, 4 young (16384K), 4 survivors (16384K)
 Metaspace       used 186570K, committed 189824K, reserved 1245184K
  class space    used 24541K, committed 26112K, reserved 1048576K
}
Event: 506.769 GC heap before
{Heap before GC invocations=85 (full 0):
 garbage-first heap   total reserved 8388608K, committed 2088960K, used 367940K [0x0000000600000000, 0x0000000800000000)
  region size 4096K, 25 young (102400K), 4 survivors (16384K)
 Metaspace       used 186593K, committed 189888K, reserved 1245184K
  class space    used 24541K, committed 26112K, reserved 1048576K
}
Event: 509.809 GC heap after
{Heap after GC invocations=86 (full 0):
 garbage-first heap   total reserved 8388608K, committed 2088960K, used 290121K [0x0000000600000000, 0x0000000800000000)
  region size 4096K, 3 young (12288K), 3 survivors (12288K)
 Metaspace       used 186593K, committed 189888K, reserved 1245184K
  class space    used 24541K, committed 26112K, reserved 1048576K
}
Event: 519.775 GC heap before
{Heap before GC invocations=86 (full 0):
 garbage-first heap   total reserved 8388608K, committed 2088960K, used 380233K [0x0000000600000000, 0x0000000800000000)
  region size 4096K, 25 young (102400K), 3 survivors (12288K)
 Metaspace       used 187160K, committed 190400K, reserved 1245184K
  class space    used 24558K, committed 26112K, reserved 1048576K
}

Dll operation events (17 events):
Event: 0.083 Loaded shared library C:\Program Files\Java\jdk-22\bin\java.dll
Event: 0.176 Loaded shared library C:\Program Files\Java\jdk-22\bin\jsvml.dll
Event: 0.339 Loaded shared library C:\Program Files\Java\jdk-22\bin\zip.dll
Event: 0.352 Loaded shared library C:\Program Files\Java\jdk-22\bin\instrument.dll
Event: 0.365 Loaded shared library C:\Program Files\Java\jdk-22\bin\net.dll
Event: 0.369 Loaded shared library C:\Program Files\Java\jdk-22\bin\nio.dll
Event: 0.378 Loaded shared library C:\Program Files\Java\jdk-22\bin\zip.dll
Event: 1.400 Loaded shared library C:\Program Files\Java\jdk-22\bin\jimage.dll
Event: 1.886 Loaded shared library C:\Program Files\Java\jdk-22\bin\verify.dll
Event: 2.201 Loaded shared library C:\Users\USER\.gradle\native\1def1411415f61bf3af743bc5b6707747c0891f09f0c88961ee8f79bc544acac\windows-amd64\native-platform.dll
Event: 2.264 Loaded shared library C:\Users\USER\.gradle\native\0.2.7\x86_64-windows-gnu\gradle-fileevents.dll
Event: 5.823 Loaded shared library C:\Program Files\Java\jdk-22\bin\management.dll
Event: 5.829 Loaded shared library C:\Program Files\Java\jdk-22\bin\management_ext.dll
Event: 6.292 Loaded shared library C:\Program Files\Java\jdk-22\bin\extnet.dll
Event: 6.948 Loaded shared library C:\Program Files\Java\jdk-22\bin\sunmscapi.dll
Event: 97.242 Loaded shared library C:\Program Files\Java\jdk-22\bin\rmi.dll
Event: 233.523 Loaded shared library C:\Program Files\Java\jdk-22\bin\le.dll

Deoptimization events (20 events):
Event: 515.493 Thread 0x000001a4e75abb30 Uncommon trap: trap_request=0xffffff66 fr.pc=0x000001a4cb8ab444 relative=0x0000000000000204
Event: 515.493 Thread 0x000001a4e75abb30 Uncommon trap: reason=speculate_class_check action=maybe_recompile pc=0x000001a4cb8ab444 method=org.jetbrains.kotlin.backend.jvm.ir.IrInlineReferenceLocator.visitElement(Lorg/jetbrains/kotlin/ir/IrElement;Lorg/jetbrains/kotlin/ir/declarations/IrDeclaratio
Event: 515.493 Thread 0x000001a4e75abb30 DEOPT PACKING pc=0x000001a4cb8ab444 sp=0x000000176adf3d30
Event: 515.493 Thread 0x000001a4e75abb30 DEOPT UNPACKING pc=0x000001a4ca1946a2 sp=0x000000176adf39a8 mode 2
Event: 515.493 Thread 0x000001a4e75abb30 Uncommon trap: trap_request=0xffffff66 fr.pc=0x000001a4cb8ab444 relative=0x0000000000000204
Event: 515.493 Thread 0x000001a4e75abb30 Uncommon trap: reason=speculate_class_check action=maybe_recompile pc=0x000001a4cb8ab444 method=org.jetbrains.kotlin.backend.jvm.ir.IrInlineReferenceLocator.visitElement(Lorg/jetbrains/kotlin/ir/IrElement;Lorg/jetbrains/kotlin/ir/declarations/IrDeclaratio
Event: 515.493 Thread 0x000001a4e75abb30 DEOPT PACKING pc=0x000001a4cb8ab444 sp=0x000000176adf3730
Event: 515.493 Thread 0x000001a4e75abb30 DEOPT UNPACKING pc=0x000001a4ca1946a2 sp=0x000000176adf33a8 mode 2
Event: 516.628 Thread 0x000001a4e75abb30 Uncommon trap: trap_request=0xffffff5c fr.pc=0x000001a4cb8b9e20 relative=0x00000000000002e0
Event: 516.628 Thread 0x000001a4e75abb30 Uncommon trap: reason=speculate_null_check action=make_not_entrant pc=0x000001a4cb8b9e20 method=org.jetbrains.kotlin.codegen.optimization.nullCheck.RedundantNullCheckMethodTransformerKt.isCheckNotNull(Lorg/jetbrains/org/objectweb/asm/tree/AbstractInsnNode
Event: 516.628 Thread 0x000001a4e75abb30 DEOPT PACKING pc=0x000001a4cb8b9e20 sp=0x000000176adf3c60
Event: 517.085 Thread 0x000001a4e75abb30 DEOPT UNPACKING pc=0x000001a4ca1946a2 sp=0x000000176adf3ba0 mode 2
Event: 517.085 Thread 0x000001a4e75abb30 Uncommon trap: trap_request=0xffffff5c fr.pc=0x000001a4cb8bb414 relative=0x00000000000002d4
Event: 517.085 Thread 0x000001a4e75abb30 Uncommon trap: reason=speculate_null_check action=make_not_entrant pc=0x000001a4cb8bb414 method=org.jetbrains.kotlin.codegen.optimization.nullCheck.RedundantNullCheckMethodTransformerKt.isCheckNotNullWithMessage(Lorg/jetbrains/org/objectweb/asm/tree/Abstr
Event: 517.085 Thread 0x000001a4e75abb30 DEOPT PACKING pc=0x000001a4cb8bb414 sp=0x000000176adf3c60
Event: 517.085 Thread 0x000001a4e75abb30 DEOPT UNPACKING pc=0x000001a4ca1946a2 sp=0x000000176adf3ba0 mode 2
Event: 518.296 Thread 0x000001a4e75abb30 DEOPT PACKING pc=0x000001a4ba86d5fe sp=0x000000176adf7e60
Event: 518.752 Thread 0x000001a4e75abb30 DEOPT UNPACKING pc=0x000001a4ca194e42 sp=0x000000176adf7348 mode 0
Event: 519.519 Thread 0x000001a4e75abb30 DEOPT PACKING pc=0x000001a4bd686ae3 sp=0x000000176adf56d0
Event: 519.519 Thread 0x000001a4e75abb30 DEOPT UNPACKING pc=0x000001a4ca194e42 sp=0x000000176adf4ba0 mode 0

Classes loaded (20 events):
Event: 284.698 Loading class sun/reflect/generics/repository/FieldRepository
Event: 284.699 Loading class sun/reflect/generics/repository/FieldRepository done
Event: 285.079 Loading class jdk/internal/vm/annotation/ForceInline
Event: 285.079 Loading class jdk/internal/vm/annotation/ForceInline done
Event: 286.721 Loading class java/util/regex/Pattern$Caret
Event: 286.721 Loading class java/util/regex/Pattern$Caret done
Event: 324.187 Loading class java/lang/StackTraceElement$HashedModules
Event: 324.187 Loading class java/lang/StackTraceElement$HashedModules done
Event: 332.727 Loading class java/io/CharArrayReader
Event: 332.728 Loading class java/io/CharArrayReader done
Event: 333.531 Loading class java/lang/EnumBeanInfo
Event: 333.531 Loading class java/lang/EnumBeanInfo done
Event: 333.533 Loading class java/lang/EnumBeanInfo
Event: 333.533 Loading class java/lang/EnumBeanInfo done
Event: 333.533 Loading class java/lang/EnumCustomizer
Event: 333.533 Loading class java/lang/EnumCustomizer done
Event: 333.534 Loading class java/lang/EnumCustomizer
Event: 333.534 Loading class java/lang/EnumCustomizer done
Event: 334.160 Loading class java/beans/IntrospectionException
Event: 334.160 Loading class java/beans/IntrospectionException done

Classes unloaded (0 events):
No events

Classes redefined (0 events):
No events

Internal exceptions (20 events):
Event: 517.144 Thread 0x000001a4e75abb30 Exception <a 'sun/nio/fs/WindowsException'{0x000000067c457010}> (0x000000067c457010) 
thrown [s\open\src\hotspot\share\prims\jni.cpp, line 520]
Event: 517.145 Thread 0x000001a4e75abb30 Exception <a 'sun/nio/fs/WindowsException'{0x000000067c462aa8}> (0x000000067c462aa8) 
thrown [s\open\src\hotspot\share\prims\jni.cpp, line 520]
Event: 517.150 Thread 0x000001a4e75abb30 Exception <a 'sun/nio/fs/WindowsException'{0x000000067c46b1e8}> (0x000000067c46b1e8) 
thrown [s\open\src\hotspot\share\prims\jni.cpp, line 520]
Event: 517.153 Thread 0x000001a4e75abb30 Exception <a 'sun/nio/fs/WindowsException'{0x000000067c473998}> (0x000000067c473998) 
thrown [s\open\src\hotspot\share\prims\jni.cpp, line 520]
Event: 517.158 Thread 0x000001a4e75abb30 Exception <a 'sun/nio/fs/WindowsException'{0x000000067c47dae8}> (0x000000067c47dae8) 
thrown [s\open\src\hotspot\share\prims\jni.cpp, line 520]
Event: 517.161 Thread 0x000001a4e75abb30 Exception <a 'sun/nio/fs/WindowsException'{0x000000067c485b68}> (0x000000067c485b68) 
thrown [s\open\src\hotspot\share\prims\jni.cpp, line 520]
Event: 517.165 Thread 0x000001a4e75abb30 Exception <a 'sun/nio/fs/WindowsException'{0x000000067c48e760}> (0x000000067c48e760) 
thrown [s\open\src\hotspot\share\prims\jni.cpp, line 520]
Event: 517.168 Thread 0x000001a4e75abb30 Exception <a 'sun/nio/fs/WindowsException'{0x000000067c497740}> (0x000000067c497740) 
thrown [s\open\src\hotspot\share\prims\jni.cpp, line 520]
Event: 517.172 Thread 0x000001a4e75abb30 Exception <a 'sun/nio/fs/WindowsException'{0x000000067c4a1478}> (0x000000067c4a1478) 
thrown [s\open\src\hotspot\share\prims\jni.cpp, line 520]
Event: 517.175 Thread 0x000001a4e75abb30 Exception <a 'sun/nio/fs/WindowsException'{0x000000067c4ac140}> (0x000000067c4ac140) 
thrown [s\open\src\hotspot\share\prims\jni.cpp, line 520]
Event: 517.178 Thread 0x000001a4e75abb30 Exception <a 'sun/nio/fs/WindowsException'{0x000000067c4b3528}> (0x000000067c4b3528) 
thrown [s\open\src\hotspot\share\prims\jni.cpp, line 520]
Event: 517.182 Thread 0x000001a4e75abb30 Exception <a 'sun/nio/fs/WindowsException'{0x000000067c4bbce0}> (0x000000067c4bbce0) 
thrown [s\open\src\hotspot\share\prims\jni.cpp, line 520]
Event: 517.186 Thread 0x000001a4e75abb30 Exception <a 'sun/nio/fs/WindowsException'{0x000000067c4c5328}> (0x000000067c4c5328) 
thrown [s\open\src\hotspot\share\prims\jni.cpp, line 520]
Event: 517.189 Thread 0x000001a4e75abb30 Exception <a 'sun/nio/fs/WindowsException'{0x000000067c4ce1d8}> (0x000000067c4ce1d8) 
thrown [s\open\src\hotspot\share\prims\jni.cpp, line 520]
Event: 517.193 Thread 0x000001a4e75abb30 Exception <a 'sun/nio/fs/WindowsException'{0x000000067c4d6a90}> (0x000000067c4d6a90) 
thrown [s\open\src\hotspot\share\prims\jni.cpp, line 520]
Event: 517.198 Thread 0x000001a4e75abb30 Exception <a 'sun/nio/fs/WindowsException'{0x000000067c4e1a88}> (0x000000067c4e1a88) 
thrown [s\open\src\hotspot\share\prims\jni.cpp, line 520]
Event: 517.204 Thread 0x000001a4e75abb30 Exception <a 'sun/nio/fs/WindowsException'{0x000000067c4ef068}> (0x000000067c4ef068) 
thrown [s\open\src\hotspot\share\prims\jni.cpp, line 520]
Event: 517.212 Thread 0x000001a4e75abb30 Exception <a 'sun/nio/fs/WindowsException'{0x000000067c4f62a0}> (0x000000067c4f62a0) 
thrown [s\open\src\hotspot\share\prims\jni.cpp, line 520]
Event: 519.513 Thread 0x000001a4e75abb30 Exception <a 'sun/nio/fs/WindowsException'{0x000000067a032910}> (0x000000067a032910) 
thrown [s\open\src\hotspot\share\prims\jni.cpp, line 520]
Event: 519.513 Thread 0x000001a4e75abb30 Exception <a 'sun/nio/fs/WindowsException'{0x000000067a0346a8}> (0x000000067a0346a8) 
thrown [s\open\src\hotspot\share\prims\jni.cpp, line 520]

ZGC Phase Switch (0 events):
No events

VM Operations (20 events):
Event: 502.799 Executing VM operation: Cleanup done
Event: 503.480 Executing VM operation: G1CollectForAllocation (G1 Evacuation Pause)
Event: 503.748 Executing VM operation: G1CollectForAllocation (G1 Evacuation Pause) done
Event: 505.748 Executing VM operation: Cleanup
Event: 506.174 Executing VM operation: Cleanup done
Event: 506.579 Executing VM operation: G1CollectForAllocation (G1 Evacuation Pause)
Event: 509.809 Executing VM operation: G1CollectForAllocation (G1 Evacuation Pause) done
Event: 511.134 Executing VM operation: ICBufferFull
Event: 511.406 Executing VM operation: ICBufferFull done
Event: 513.406 Executing VM operation: Cleanup
Event: 514.097 Executing VM operation: Cleanup done
Event: 515.098 Executing VM operation: Cleanup
Event: 515.448 Executing VM operation: Cleanup done
Event: 516.449 Executing VM operation: Cleanup
Event: 516.579 Executing VM operation: Cleanup done
Event: 517.580 Executing VM operation: Cleanup
Event: 517.580 Executing VM operation: Cleanup done
Event: 518.581 Executing VM operation: Cleanup
Event: 519.033 Executing VM operation: Cleanup done
Event: 519.562 Executing VM operation: G1CollectForAllocation (G1 Evacuation Pause)

Memory protections (0 events):
No events

Nmethod flushes (20 events):
Event: 435.838 Thread 0x000001a4e4afa920 flushing  nmethod 0x000001a4bad06e10
Event: 435.838 Thread 0x000001a4e4afa920 flushing  nmethod 0x000001a4bad07290
Event: 435.838 Thread 0x000001a4e4afa920 flushing  nmethod 0x000001a4bad33f10
Event: 435.838 Thread 0x000001a4e4afa920 flushing  nmethod 0x000001a4bad38b90
Event: 435.838 Thread 0x000001a4e4afa920 flushing  nmethod 0x000001a4bad3c010
Event: 435.838 Thread 0x000001a4e4afa920 flushing  nmethod 0x000001a4bad3d110
Event: 435.838 Thread 0x000001a4e4afa920 flushing  nmethod 0x000001a4bad3e890
Event: 435.838 Thread 0x000001a4e4afa920 flushing  nmethod 0x000001a4bad5df90
Event: 435.838 Thread 0x000001a4e4afa920 flushing  nmethod 0x000001a4bad98910
Event: 435.838 Thread 0x000001a4e4afa920 flushing  nmethod 0x000001a4bad9e890
Event: 435.838 Thread 0x000001a4e4afa920 flushing  nmethod 0x000001a4bad9fe90
Event: 435.838 Thread 0x000001a4e4afa920 flushing  nmethod 0x000001a4baec6390
Event: 435.838 Thread 0x000001a4e4afa920 flushing  nmethod 0x000001a4baf72e10
Event: 435.838 Thread 0x000001a4e4afa920 flushing  nmethod 0x000001a4bafe8c10
Event: 435.838 Thread 0x000001a4e4afa920 flushing  nmethod 0x000001a4bb463010
Event: 435.838 Thread 0x000001a4e4afa920 flushing  nmethod 0x000001a4bb466990
Event: 435.838 Thread 0x000001a4e4afa920 flushing  nmethod 0x000001a4bb466d90
Event: 435.838 Thread 0x000001a4e4afa920 flushing  nmethod 0x000001a4bb468a10
Event: 435.838 Thread 0x000001a4e4afa920 flushing  nmethod 0x000001a4bc043b10
Event: 435.838 Thread 0x000001a4e4afa920 flushing  nmethod 0x000001a4bc784810

Events (20 events):
Event: 487.671 Thread 0x000001a53244ddf0 Thread added: 0x000001a53244eb90
Event: 493.459 Thread 0x000001a53244eb90 Thread exited: 0x000001a53244eb90
Event: 493.459 Thread 0x000001a53244ddf0 Thread exited: 0x000001a53244ddf0
Event: 494.084 Thread 0x000001a4e4b389d0 Thread added: 0x000001a53244f930
Event: 494.084 Thread 0x000001a4e4b389d0 Thread added: 0x000001a53244f260
Event: 495.876 Thread 0x000001a53244f930 Thread exited: 0x000001a53244f930
Event: 495.876 Thread 0x000001a53244f260 Thread exited: 0x000001a53244f260
Event: 495.876 Thread 0x000001a5440717c0 Thread exited: 0x000001a5440717c0
Event: 502.244 Thread 0x000001a4e4b389d0 Thread added: 0x000001a53244eb90
Event: 503.749 Thread 0x000001a4e4b49100 Thread added: 0x000001a53244f930
Event: 511.483 Thread 0x000001a4e75aefb0 Thread added: 0x000001a5440717c0
Event: 512.533 Thread 0x000001a53244f930 Thread exited: 0x000001a53244f930
Event: 514.099 Thread 0x000001a53244eb90 Thread exited: 0x000001a53244eb90
Event: 516.581 Thread 0x000001a4e4b49100 Thread added: 0x000001a53244eb90
Event: 516.812 Thread 0x000001a53244eb90 Thread exited: 0x000001a53244eb90
Event: 517.094 Thread 0x000001a4e4b49100 Thread added: 0x000001a532451470
Event: 517.203 Thread 0x000001a532451470 Thread exited: 0x000001a532451470
Event: 518.300 Thread 0x000001a4e4b389d0 Thread added: 0x000001a532450000
Event: 519.043 Thread 0x000001a532450000 Thread exited: 0x000001a532450000
Event: 519.450 Thread 0x000001a4e4b49100 Thread added: 0x000001a532451b40


Dynamic libraries:
0x00007ff703f50000 - 0x00007ff703f60000 	C:\Program Files\Java\jdk-22\bin\java.exe
0x00007ff8eee40000 - 0x00007ff8ef0a7000 	C:\WINDOWS\SYSTEM32\ntdll.dll
0x00007ff8ecc40000 - 0x00007ff8ecd09000 	C:\WINDOWS\System32\KERNEL32.DLL
0x00007ff8ec640000 - 0x00007ff8eca37000 	C:\WINDOWS\System32\KERNELBASE.dll
0x00007ff8ec310000 - 0x00007ff8ec45b000 	C:\WINDOWS\System32\ucrtbase.dll
0x00007ff8bd1b0000 - 0x00007ff8bd1cb000 	C:\Program Files\Java\jdk-22\bin\VCRUNTIME140.dll
0x00007ff8e6dd0000 - 0x00007ff8e6de7000 	C:\Program Files\Java\jdk-22\bin\jli.dll
0x00007ff8eec00000 - 0x00007ff8eedc6000 	C:\WINDOWS\System32\USER32.dll
0x00007ff8d8ad0000 - 0x00007ff8d8d62000 	C:\WINDOWS\WinSxS\amd64_microsoft.windows.common-controls_6595b64144ccf1df_6.0.26100.8457_none_3e0b2faee331e92d\COMCTL32.dll
0x00007ff8ec0e0000 - 0x00007ff8ec107000 	C:\WINDOWS\System32\win32u.dll
0x00007ff8ed5c0000 - 0x00007ff8ed669000 	C:\WINDOWS\System32\msvcrt.dll
0x00007ff8ece10000 - 0x00007ff8ece3b000 	C:\WINDOWS\System32\GDI32.dll
0x00007ff8ec460000 - 0x00007ff8ec58c000 	C:\WINDOWS\System32\gdi32full.dll
0x00007ff8ec590000 - 0x00007ff8ec633000 	C:\WINDOWS\System32\msvcp_win.dll
0x00007ff8ece40000 - 0x00007ff8ece72000 	C:\WINDOWS\System32\IMM32.DLL
0x00007ff8e6e90000 - 0x00007ff8e6e9c000 	C:\Program Files\Java\jdk-22\bin\vcruntime140_1.dll
0x00007ff832df0000 - 0x00007ff832e7e000 	C:\Program Files\Java\jdk-22\bin\msvcp140.dll
0x00007ff833ff0000 - 0x00007ff834d39000 	C:\Program Files\Java\jdk-22\bin\server\jvm.dll
0x00007ff8ed500000 - 0x00007ff8ed5b6000 	C:\WINDOWS\System32\ADVAPI32.dll
0x00007ff8edb20000 - 0x00007ff8edbc7000 	C:\WINDOWS\System32\sechost.dll
0x00007ff8eda00000 - 0x00007ff8edb18000 	C:\WINDOWS\System32\RPCRT4.dll
0x00007ff8ed310000 - 0x00007ff8ed390000 	C:\WINDOWS\System32\WS2_32.dll
0x00007ff8eb6d0000 - 0x00007ff8eb72e000 	C:\WINDOWS\SYSTEM32\POWRPROF.dll
0x00007ff8d8e10000 - 0x00007ff8d8e46000 	C:\WINDOWS\SYSTEM32\WINMM.dll
0x00007ff8e4da0000 - 0x00007ff8e4dab000 	C:\WINDOWS\SYSTEM32\VERSION.dll
0x00007ff8eb6b0000 - 0x00007ff8eb6c4000 	C:\WINDOWS\SYSTEM32\UMPDC.dll
0x00007ff8ea600000 - 0x00007ff8ea61b000 	C:\WINDOWS\SYSTEM32\kernel.appcore.dll
0x00007ff8e6da0000 - 0x00007ff8e6daa000 	C:\Program Files\Java\jdk-22\bin\jimage.dll
0x00007ff8e98a0000 - 0x00007ff8e9ae2000 	C:\WINDOWS\SYSTEM32\DBGHELP.DLL
0x00007ff8ed670000 - 0x00007ff8ed9f3000 	C:\WINDOWS\System32\combase.dll
0x00007ff8ed000000 - 0x00007ff8ed0d9000 	C:\WINDOWS\System32\OLEAUT32.dll
0x00007ff8dba50000 - 0x00007ff8dba8b000 	C:\WINDOWS\SYSTEM32\dbgcore.DLL
0x00007ff8ec260000 - 0x00007ff8ec308000 	C:\WINDOWS\System32\bcryptPrimitives.dll
0x00007ff8e6dc0000 - 0x00007ff8e6dcf000 	C:\Program Files\Java\jdk-22\bin\instrument.dll
0x00007ff8ba2d0000 - 0x00007ff8ba2ee000 	C:\Program Files\Java\jdk-22\bin\java.dll
0x00007ff8ee390000 - 0x00007ff8eeafe000 	C:\WINDOWS\System32\SHELL32.dll
0x00007ff8ed0e0000 - 0x00007ff8ed277000 	C:\WINDOWS\System32\ole32.dll
0x00007ff8eb870000 - 0x00007ff8ec0dc000 	C:\WINDOWS\System32\windows.storage.dll
0x00007ff8ee240000 - 0x00007ff8ee336000 	C:\WINDOWS\System32\SHCORE.dll
0x00007ff8ecf10000 - 0x00007ff8ecf76000 	C:\WINDOWS\System32\shlwapi.dll
0x00007ff8eb790000 - 0x00007ff8eb7b9000 	C:\WINDOWS\SYSTEM32\profapi.dll
0x00007ff833ed0000 - 0x00007ff833fa7000 	C:\Program Files\Java\jdk-22\bin\jsvml.dll
0x00007ff833e70000 - 0x00007ff833e87000 	C:\Program Files\Java\jdk-22\bin\zip.dll
0x00007ff8e5af0000 - 0x00007ff8e5b00000 	C:\Program Files\Java\jdk-22\bin\net.dll
0x00007ff8eab70000 - 0x00007ff8eabdc000 	C:\WINDOWS\system32\mswsock.dll
0x00007ff833eb0000 - 0x00007ff833ec6000 	C:\Program Files\Java\jdk-22\bin\nio.dll
0x00007ff8e6d50000 - 0x00007ff8e6d60000 	C:\Program Files\Java\jdk-22\bin\verify.dll
0x00007ff831f10000 - 0x00007ff831f37000 	C:\Users\USER\.gradle\native\1def1411415f61bf3af743bc5b6707747c0891f09f0c88961ee8f79bc544acac\windows-amd64\native-platform.dll
0x00007ff832bb0000 - 0x00007ff832c28000 	C:\Users\USER\.gradle\native\0.2.7\x86_64-windows-gnu\gradle-fileevents.dll
0x00007ff8e6ea0000 - 0x00007ff8e6eaa000 	C:\Program Files\Java\jdk-22\bin\management.dll
0x00007ff8b8e40000 - 0x00007ff8b8e4b000 	C:\Program Files\Java\jdk-22\bin\management_ext.dll
0x00007ff8eebd0000 - 0x00007ff8eebd8000 	C:\WINDOWS\System32\PSAPI.DLL
0x00007ff8ea010000 - 0x00007ff8ea042000 	C:\WINDOWS\SYSTEM32\IPHLPAPI.DLL
0x00007ff8ed300000 - 0x00007ff8ed30a000 	C:\WINDOWS\System32\NSI.dll
0x00007ff8d8e50000 - 0x00007ff8d8e59000 	C:\Program Files\Java\jdk-22\bin\extnet.dll
0x00007ff8eae50000 - 0x00007ff8eae6b000 	C:\WINDOWS\SYSTEM32\CRYPTSP.dll
0x00007ff8ea560000 - 0x00007ff8ea599000 	C:\WINDOWS\system32\rsaenh.dll
0x00007ff8eac20000 - 0x00007ff8eac53000 	C:\WINDOWS\SYSTEM32\USERENV.dll
0x00007ff8eb760000 - 0x00007ff8eb78a000 	C:\WINDOWS\SYSTEM32\bcrypt.dll
0x00007ff8eae70000 - 0x00007ff8eae7c000 	C:\WINDOWS\SYSTEM32\CRYPTBASE.dll
0x00007ff8e6db0000 - 0x00007ff8e6dbe000 	C:\Program Files\Java\jdk-22\bin\sunmscapi.dll
0x00007ff8eca40000 - 0x00007ff8ecbb8000 	C:\WINDOWS\System32\CRYPT32.dll
0x00007ff8eb070000 - 0x00007ff8eb0a0000 	C:\WINDOWS\SYSTEM32\ncrypt.dll
0x00007ff8eb020000 - 0x00007ff8eb05f000 	C:\WINDOWS\SYSTEM32\NTASN1.dll
0x00007ff8cb9d0000 - 0x00007ff8cb9d8000 	C:\WINDOWS\system32\wshunix.dll
0x00007ff8ea0a0000 - 0x00007ff8ea1d2000 	C:\WINDOWS\SYSTEM32\DNSAPI.dll
0x00007ff8defc0000 - 0x00007ff8defcb000 	C:\Windows\System32\rasadhlp.dll
0x00007ff8e3e70000 - 0x00007ff8e3ef6000 	C:\WINDOWS\System32\fwpuclnt.dll
0x00007ff8c7da0000 - 0x00007ff8c7db8000 	C:\WINDOWS\system32\napinsp.dll
0x00007ff8c7a90000 - 0x00007ff8c7aa3000 	C:\WINDOWS\System32\winrnr.dll
0x00007ff8c4af0000 - 0x00007ff8c4b12000 	C:\WINDOWS\system32\nlansp_c.dll
0x00007ff8c1950000 - 0x00007ff8c1966000 	C:\WINDOWS\system32\wshbth.dll
0x00007ff8db960000 - 0x00007ff8db967000 	C:\Program Files\Java\jdk-22\bin\rmi.dll
0x00007ff8db820000 - 0x00007ff8db82b000 	C:\Program Files\Java\jdk-22\bin\le.dll

dbghelp: loaded successfully - version: 4.0.5 - missing functions: none
symbol engine: initialized successfully - sym options: 0x614 - pdb path: .;C:\Program Files\Java\jdk-22\bin;C:\WINDOWS\SYSTEM32;C:\WINDOWS\WinSxS\amd64_microsoft.windows.common-controls_6595b64144ccf1df_6.0.26100.8457_none_3e0b2faee331e92d;C:\Program Files\Java\jdk-22\bin\server;C:\Users\USER\.gradle\native\1def1411415f61bf3af743bc5b6707747c0891f09f0c88961ee8f79bc544acac\windows-amd64;C:\Users\USER\.gradle\native\0.2.7\x86_64-windows-gnu

VM Arguments:
jvm_args: --add-opens=java.base/java.lang=ALL-UNNAMED --add-opens=java.base/java.lang.invoke=ALL-UNNAMED --add-opens=java.base/java.util=ALL-UNNAMED --add-opens=java.prefs/java.util.prefs=ALL-UNNAMED --add-exports=jdk.compiler/com.sun.tools.javac.api=ALL-UNNAMED --add-exports=jdk.compiler/com.sun.tools.javac.util=ALL-UNNAMED --add-opens=java.base/java.util=ALL-UNNAMED --add-opens=java.prefs/java.util.prefs=ALL-UNNAMED --add-opens=java.base/java.nio.charset=ALL-UNNAMED --add-opens=java.base/java.net=ALL-UNNAMED --add-opens=java.base/java.util.concurrent.atomic=ALL-UNNAMED --add-opens=java.xml/javax.xml.namespace=ALL-UNNAMED -XX:MaxMetaspaceSize=4G -XX:ReservedCodeCacheSize=512m -XX:+HeapDumpOnOutOfMemoryError -Xmx8G -Dfile.encoding=UTF-8 -Duser.country=ID -Duser.language=en -Duser.variant -javaagent:C:\Users\USER\.gradle\wrapper\dists\gradle-8.14-all\c2qonpi39x1mddn7hk5gh9iqj\gradle-8.14\lib\agents\gradle-instrumentation-agent-8.14.jar 
java_command: org.gradle.launcher.daemon.bootstrap.GradleDaemon 8.14
java_class_path (initial): C:\Users\USER\.gradle\wrapper\dists\gradle-8.14-all\c2qonpi39x1mddn7hk5gh9iqj\gradle-8.14\lib\gradle-daemon-main-8.14.jar
Launcher Type: SUN_STANDARD

[Global flags]
     intx CICompilerCount                          = 4                                         {product} {ergonomic}
     uint ConcGCThreads                            = 2                                         {product} {ergonomic}
     uint G1ConcRefinementThreads                  = 8                                         {product} {ergonomic}
   size_t G1HeapRegionSize                         = 4194304                                   {product} {ergonomic}
     bool HeapDumpOnOutOfMemoryError               = true                                   {manageable} {command line}
   size_t InitialHeapSize                          = 134217728                                 {product} {ergonomic}
   size_t MarkStackSize                            = 4194304                                   {product} {ergonomic}
   size_t MaxHeapSize                              = 8589934592                                {product} {command line}
   size_t MaxMetaspaceSize                         = 4294967296                                {product} {command line}
   size_t MaxNewSize                               = 5150605312                                {product} {ergonomic}
   size_t MinHeapDeltaBytes                        = 4194304                                   {product} {ergonomic}
   size_t MinHeapSize                              = 8388608                                   {product} {ergonomic}
    uintx NonNMethodCodeHeapSize                   = 5839372                                {pd product} {ergonomic}
    uintx NonProfiledCodeHeapSize                  = 265515770                              {pd product} {ergonomic}
    uintx ProfiledCodeHeapSize                     = 265515770                              {pd product} {ergonomic}
    uintx ReservedCodeCacheSize                    = 536870912                              {pd product} {command line}
     bool SegmentedCodeCache                       = true                                      {product} {ergonomic}
   size_t SoftMaxHeapSize                          = 8589934592                             {manageable} {ergonomic}
     bool UseCompressedOops                        = true                           {product lp64_product} {ergonomic}
     bool UseG1GC                                  = true                                      {product} {ergonomic}
     bool UseLargePagesIndividualAllocation        = false                                  {pd product} {ergonomic}

Logging:
Log output configuration:
 #0: stdout all=warning uptime,level,tags foldmultilines=false
 #1: stderr all=off uptime,level,tags foldmultilines=false

Environment Variables:
PATH=C:\Program Files\Common Files\Oracle\Java\javapath;C:\WINDOWS\system32;C:\WINDOWS;C:\WINDOWS\System32\Wbem;C:\WINDOWS\System32\WindowsPowerShell\v1.0\;C:\WINDOWS\System32\OpenSSH\;C:\Program Files (x86)\NVIDIA Corporation\PhysX\Common;C:\Program Files\Git\cmd;C:\Program Files\dotnet\;C:\Users\USER\AppData\Local\Android\Sdk\cmdline-tools\latest\bin;C:\Users\USER\AppData\Local\Android\Sdk\platform-tools;C:\Users\USER\AppData\Local\Programs\Python\Python314\Scripts\;C:\Users\USER\AppData\Local\Programs\Python\Python314\;C:\Users\USER\AppData\Local\Microsoft\WindowsApps;C:\Users\USER\AppData\Local\Programs\Microsoft VS Code\bin;D:\src\flutter\bin;D:\Antigravity\bin
USERNAME=USER
OS=Windows_NT
PROCESSOR_IDENTIFIER=Intel64 Family 6 Model 142 Stepping 10, GenuineIntel
TMP=C:\Users\USER\AppData\Local\Temp
TEMP=C:\Users\USER\AppData\Local\Temp




Periodic native trim disabled

---------------  S Y S T E M  ---------------

OS:
 Windows 11 , 64 bit Build 26100 (10.0.26100.8328)
OS uptime: 0 days 0:34 hours

CPU: total 8 (initial active 8) (4 cores per cpu, 2 threads per core) family 6 model 142 stepping 10 microcode 0xe0, cx8, cmov, fxsr, ht, mmx, 3dnowpref, sse, sse2, sse3, ssse3, sse4.1, sse4.2, popcnt, lzcnt, tsc, tscinvbit, avx, avx2, aes, erms, clmul, bmi1, bmi2, adx, fma, vzeroupper, clflush, clflushopt, rdtscp, f16c
Processor Information for processor 0
  Max Mhz: 1800, Current Mhz: 1500, Mhz Limit: 1584
Processor Information for processor 1
  Max Mhz: 1800, Current Mhz: 1600, Mhz Limit: 1584
Processor Information for processor 2
  Max Mhz: 1800, Current Mhz: 1500, Mhz Limit: 1584
Processor Information for processor 3
  Max Mhz: 1800, Current Mhz: 1500, Mhz Limit: 1584
Processor Information for processor 4
  Max Mhz: 1800, Current Mhz: 1500, Mhz Limit: 1584
Processor Information for processor 5
  Max Mhz: 1800, Current Mhz: 1500, Mhz Limit: 1584
Processor Information for processor 6
  Max Mhz: 1800, Current Mhz: 1500, Mhz Limit: 1584
Processor Information for processor 7
  Max Mhz: 1800, Current Mhz: 1500, Mhz Limit: 1584

Memory: 4k page, system-wide physical 8074M (511M free)
TotalPageFile size 19016M (AvailPageFile size 1881M)
current process WorkingSet (physical memory assigned to process): 1011M, peak: 1083M
current process commit charge ("private bytes"): 2605M, peak: 4517M

vm_info: Java HotSpot(TM) 64-Bit Server VM (22.0.2+9-70) for windows-amd64 JRE (22.0.2+9-70), built on 2024-06-04T16:52:23Z by "mach5one" with MS VC++ 17.6 (VS2022)

END.
